0 verbose cli /usr/bin/node /usr/bin/npm
1 info using npm@11.6.0
2 info using node@v20.19.5
3 silly config load:file:/usr/lib/node_modules/npm/npmrc
4 silly config load:file:/home/chiwan/project/WorldAgen/worldagen.github.io/.npmrc
5 silly config load:file:/home/chiwan/.npmrc
6 silly config load:file:/home/chiwan/.npm-global/etc/npmrc
7 verbose title npm install
8 verbose argv "install" "--cache" ".npm-cache"
9 verbose logfile logs-max:10 dir:/home/chiwan/project/WorldAgen/worldagen.github.io/.npm-cache/_logs/2026-06-01T03_12_10_595Z-
10 verbose logfile /home/chiwan/project/WorldAgen/worldagen.github.io/.npm-cache/_logs/2026-06-01T03_12_10_595Z-debug-0.log
11 silly logfile done cleaning log files
12 http fetch GET https://registry.npmjs.org/npm attempt 1 failed with EAI_AGAIN
13 silly packumentCache heap:4345298944 maxSize:1086324736 maxEntrySize:543162368
14 silly idealTree buildDeps
15 silly reify mark retired [
15 silly reify   '/home/chiwan/project/WorldAgen/worldagen.github.io/node_modules/acorn'
15 silly reify ]
16 silly reify mark retired [
16 silly reify   '/home/chiwan/project/WorldAgen/worldagen.github.io/node_modules/ansi-align'
16 silly reify ]
17 silly reify mark retired [
17 silly reify   '/home/chiwan/project/WorldAgen/worldagen.github.io/node_modules/ansi-regex'
17 silly reify ]
18 silly reify mark retired [
18 silly reify   '/home/chiwan/project/WorldAgen/worldagen.github.io/node_modules/ansi-styles'
18 silly reify ]
19 silly reify mark retired [
19 silly reify   '/home/chiwan/project/WorldAgen/worldagen.github.io/node_modules/anymatch'
19 silly reify ]
20 silly reify mark retired [
20 silly reify   '/home/chiwan/project/WorldAgen/worldagen.github.io/node_modules/argparse'
20 silly reify ]
21 silly reify mark retired [
21 silly reify   '/home/chiwan/project/WorldAgen/worldagen.github.io/node_modules/aria-query'
21 silly reify ]
22 silly reify mark retired [
22 silly reify   '/home/chiwan/project/WorldAgen/worldagen.github.io/node_modules/array-iterate'
22 silly reify ]
23 silly reify mark retired [
23 silly reify   '/home/chiwan/project/WorldAgen/worldagen.github.io/node_modules/astro'
23 silly reify ]
24 silly reify mark retired [
24 silly reify   '/home/chiwan/project/WorldAgen/worldagen.github.io/node_modules/axobject-query'
24 silly reify ]
25 silly reify mark retired [
25 silly reify   '/home/chiwan/project/WorldAgen/worldagen.github.io/node_modules/bail'
25 silly reify ]
26 silly reify mark retired [
26 silly reify   '/home/chiwan/project/WorldAgen/worldagen.github.io/node_modules/base-64'
26 silly reify ]
27 silly reify mark retired [
27 silly reify   '/home/chiwan/project/WorldAgen/worldagen.github.io/node_modules/base64-js'
27 silly reify ]
28 silly reify mark retired [
28 silly reify   '/home/chiwan/project/WorldAgen/worldagen.github.io/node_modules/blob-to-buffer'
28 silly reify ]
29 silly reify mark retired [
29 silly reify   '/home/chiwan/project/WorldAgen/worldagen.github.io/node_modules/boxen'
29 silly reify ]
30 silly reify mark retired [
30 silly reify   '/home/chiwan/project/WorldAgen/worldagen.github.io/node_modules/brotli'
30 silly reify ]
31 silly reify mark retired [
31 silly reify   '/home/chiwan/project/WorldAgen/worldagen.github.io/node_modules/camelcase'
31 silly reify ]
32 silly reify mark retired [
32 silly reify   '/home/chiwan/project/WorldAgen/worldagen.github.io/node_modules/ccount'
32 silly reify ]
33 silly reify mark retired [
33 silly reify   '/home/chiwan/project/WorldAgen/worldagen.github.io/node_modules/chalk'
33 silly reify ]
34 silly reify mark retired [
34 silly reify   '/home/chiwan/project/WorldAgen/worldagen.github.io/node_modules/character-entities'
34 silly reify ]
35 silly reify mark retired [
35 silly reify   '/home/chiwan/project/WorldAgen/worldagen.github.io/node_modules/character-entities-html4'
35 silly reify ]
36 silly reify mark retired [
36 silly reify   '/home/chiwan/project/WorldAgen/worldagen.github.io/node_modules/character-entities-legacy'
36 silly reify ]
37 silly reify mark retired [
37 silly reify   '/home/chiwan/project/WorldAgen/worldagen.github.io/node_modules/chokidar'
37 silly reify ]
38 silly reify mark retired [
38 silly reify   '/home/chiwan/project/WorldAgen/worldagen.github.io/node_modules/ci-info'
38 silly reify ]
39 silly reify mark retired [
39 silly reify   '/home/chiwan/project/WorldAgen/worldagen.github.io/node_modules/cli-boxes'
39 silly reify ]
40 silly reify mark retired [
40 silly reify   '/home/chiwan/project/WorldAgen/worldagen.github.io/node_modules/clone'
40 silly reify ]
41 silly reify mark retired [
41 silly reify   '/home/chiwan/project/WorldAgen/worldagen.github.io/node_modules/clsx'
41 silly reify ]
42 silly reify mark retired [
42 silly reify   '/home/chiwan/project/WorldAgen/worldagen.github.io/node_modules/color'
42 silly reify ]
43 silly reify mark retired [
43 silly reify   '/home/chiwan/project/WorldAgen/worldagen.github.io/node_modules/color-convert'
43 silly reify ]
44 silly reify mark retired [
44 silly reify   '/home/chiwan/project/WorldAgen/worldagen.github.io/node_modules/color-name'
44 silly reify ]
45 silly reify mark retired [
45 silly reify   '/home/chiwan/project/WorldAgen/worldagen.github.io/node_modules/color-string'
45 silly reify ]
46 silly reify mark retired [
46 silly reify   '/home/chiwan/project/WorldAgen/worldagen.github.io/node_modules/comma-separated-tokens'
46 silly reify ]
47 silly reify mark retired [
47 silly reify   '/home/chiwan/project/WorldAgen/worldagen.github.io/node_modules/common-ancestor-path'
47 silly reify ]
48 silly reify mark retired [
48 silly reify   '/home/chiwan/project/WorldAgen/worldagen.github.io/node_modules/cookie'
48 silly reify ]
49 silly reify mark retired [
49 silly reify   '/home/chiwan/project/WorldAgen/worldagen.github.io/node_modules/cookie-es'
49 silly reify ]
50 silly reify mark retired [
50 silly reify   '/home/chiwan/project/WorldAgen/worldagen.github.io/node_modules/cross-fetch'
50 silly reify ]
51 silly reify mark retired [
51 silly reify   '/home/chiwan/project/WorldAgen/worldagen.github.io/node_modules/crossws'
51 silly reify ]
52 silly reify mark retired [
52 silly reify   '/home/chiwan/project/WorldAgen/worldagen.github.io/node_modules/css-tree'
52 silly reify ]
53 silly reify mark retired [
53 silly reify   '/home/chiwan/project/WorldAgen/worldagen.github.io/node_modules/cssesc'
53 silly reify ]
54 silly reify mark retired [
54 silly reify   '/home/chiwan/project/WorldAgen/worldagen.github.io/node_modules/debug'
54 silly reify ]
55 silly reify mark retired [
55 silly reify   '/home/chiwan/project/WorldAgen/worldagen.github.io/node_modules/decode-named-character-reference'
55 silly reify ]
56 silly reify mark retired [
56 silly reify   '/home/chiwan/project/WorldAgen/worldagen.github.io/node_modules/defu'
56 silly reify ]
57 silly reify mark retired [
57 silly reify   '/home/chiwan/project/WorldAgen/worldagen.github.io/node_modules/dequal'
57 silly reify ]
58 silly reify mark retired [
58 silly reify   '/home/chiwan/project/WorldAgen/worldagen.github.io/node_modules/destr'
58 silly reify ]
59 silly reify mark retired [
59 silly reify   '/home/chiwan/project/WorldAgen/worldagen.github.io/node_modules/detect-libc'
59 silly reify ]
60 silly reify mark retired [
60 silly reify   '/home/chiwan/project/WorldAgen/worldagen.github.io/node_modules/deterministic-object-hash'
60 silly reify ]
61 silly reify mark retired [
61 silly reify   '/home/chiwan/project/WorldAgen/worldagen.github.io/node_modules/devalue'
61 silly reify ]
62 silly reify mark retired [
62 silly reify   '/home/chiwan/project/WorldAgen/worldagen.github.io/node_modules/devlop'
62 silly reify ]
63 silly reify mark retired [
63 silly reify   '/home/chiwan/project/WorldAgen/worldagen.github.io/node_modules/dfa'
63 silly reify ]
64 silly reify mark retired [
64 silly reify   '/home/chiwan/project/WorldAgen/worldagen.github.io/node_modules/diff'
64 silly reify ]
65 silly reify mark retired [
65 silly reify   '/home/chiwan/project/WorldAgen/worldagen.github.io/node_modules/dlv'
65 silly reify ]
66 silly reify mark retired [
66 silly reify   '/home/chiwan/project/WorldAgen/worldagen.github.io/node_modules/dset'
66 silly reify ]
67 silly reify mark retired [
67 silly reify   '/home/chiwan/project/WorldAgen/worldagen.github.io/node_modules/emoji-regex'
67 silly reify ]
68 silly reify mark retired [
68 silly reify   '/home/chiwan/project/WorldAgen/worldagen.github.io/node_modules/emoji-regex-xs'
68 silly reify ]
69 silly reify mark retired [
69 silly reify   '/home/chiwan/project/WorldAgen/worldagen.github.io/node_modules/entities'
69 silly reify ]
70 silly reify mark retired [
70 silly reify   '/home/chiwan/project/WorldAgen/worldagen.github.io/node_modules/es-module-lexer'
70 silly reify ]
71 silly reify mark retired [
71 silly reify   '/home/chiwan/project/WorldAgen/worldagen.github.io/node_modules/esbuild'
71 silly reify ]
72 silly reify mark retired [
72 silly reify   '/home/chiwan/project/WorldAgen/worldagen.github.io/node_modules/escape-string-regexp'
72 silly reify ]
73 silly reify mark retired [
73 silly reify   '/home/chiwan/project/WorldAgen/worldagen.github.io/node_modules/estree-walker'
73 silly reify ]
74 silly reify mark retired [
74 silly reify   '/home/chiwan/project/WorldAgen/worldagen.github.io/node_modules/eventemitter3'
74 silly reify ]
75 silly reify mark retired [
75 silly reify   '/home/chiwan/project/WorldAgen/worldagen.github.io/node_modules/extend'
75 silly reify ]
76 silly reify mark retired [
76 silly reify   '/home/chiwan/project/WorldAgen/worldagen.github.io/node_modules/fast-deep-equal'
76 silly reify ]
77 silly reify mark retired [
77 silly reify   '/home/chiwan/project/WorldAgen/worldagen.github.io/node_modules/fdir'
77 silly reify ]
78 silly reify mark retired [
78 silly reify   '/home/chiwan/project/WorldAgen/worldagen.github.io/node_modules/flattie'
78 silly reify ]
79 silly reify mark retired [
79 silly reify   '/home/chiwan/project/WorldAgen/worldagen.github.io/node_modules/fontkit'
79 silly reify ]
80 silly reify mark retired [
80 silly reify   '/home/chiwan/project/WorldAgen/worldagen.github.io/node_modules/fsevents'
80 silly reify ]
81 silly reify mark retired [
81 silly reify   '/home/chiwan/project/WorldAgen/worldagen.github.io/node_modules/get-east-asian-width'
81 silly reify ]
82 silly reify mark retired [
82 silly reify   '/home/chiwan/project/WorldAgen/worldagen.github.io/node_modules/github-slugger'
82 silly reify ]
83 silly reify mark retired [
83 silly reify   '/home/chiwan/project/WorldAgen/worldagen.github.io/node_modules/h3'
83 silly reify ]
84 silly reify mark retired [
84 silly reify   '/home/chiwan/project/WorldAgen/worldagen.github.io/node_modules/hast-util-from-html'
84 silly reify ]
85 silly reify mark retired [
85 silly reify   '/home/chiwan/project/WorldAgen/worldagen.github.io/node_modules/hast-util-from-parse5'
85 silly reify ]
86 silly reify mark retired [
86 silly reify   '/home/chiwan/project/WorldAgen/worldagen.github.io/node_modules/hast-util-is-element'
86 silly reify ]
87 silly reify mark retired [
87 silly reify   '/home/chiwan/project/WorldAgen/worldagen.github.io/node_modules/hast-util-parse-selector'
87 silly reify ]
88 silly reify mark retired [
88 silly reify   '/home/chiwan/project/WorldAgen/worldagen.github.io/node_modules/hast-util-raw'
88 silly reify ]
89 silly reify mark retired [
89 silly reify   '/home/chiwan/project/WorldAgen/worldagen.github.io/node_modules/hast-util-to-html'
89 silly reify ]
90 silly reify mark retired [
90 silly reify   '/home/chiwan/project/WorldAgen/worldagen.github.io/node_modules/hast-util-to-parse5'
90 silly reify ]
91 silly reify mark retired [
91 silly reify   '/home/chiwan/project/WorldAgen/worldagen.github.io/node_modules/hast-util-to-text'
91 silly reify ]
92 silly reify mark retired [
92 silly reify   '/home/chiwan/project/WorldAgen/worldagen.github.io/node_modules/hast-util-whitespace'
92 silly reify ]
93 silly reify mark retired [
93 silly reify   '/home/chiwan/project/WorldAgen/worldagen.github.io/node_modules/hastscript'
93 silly reify ]
94 silly reify mark retired [
94 silly reify   '/home/chiwan/project/WorldAgen/worldagen.github.io/node_modules/html-escaper'
94 silly reify ]
95 silly reify mark retired [
95 silly reify   '/home/chiwan/project/WorldAgen/worldagen.github.io/node_modules/html-void-elements'
95 silly reify ]
96 silly reify mark retired [
96 silly reify   '/home/chiwan/project/WorldAgen/worldagen.github.io/node_modules/http-cache-semantics'
96 silly reify ]
97 silly reify mark retired [
97 silly reify   '/home/chiwan/project/WorldAgen/worldagen.github.io/node_modules/import-meta-resolve'
97 silly reify ]
98 silly reify mark retired [
98 silly reify   '/home/chiwan/project/WorldAgen/worldagen.github.io/node_modules/iron-webcrypto'
98 silly reify ]
99 silly reify mark retired [
99 silly reify   '/home/chiwan/project/WorldAgen/worldagen.github.io/node_modules/is-arrayish'
99 silly reify ]
100 silly reify mark retired [
100 silly reify   '/home/chiwan/project/WorldAgen/worldagen.github.io/node_modules/is-docker'
100 silly reify ]
101 silly reify mark retired [
101 silly reify   '/home/chiwan/project/WorldAgen/worldagen.github.io/node_modules/is-fullwidth-code-point'
101 silly reify ]
102 silly reify mark retired [
102 silly reify   '/home/chiwan/project/WorldAgen/worldagen.github.io/node_modules/is-inside-container'
102 silly reify ]
103 silly reify mark retired [
103 silly reify   '/home/chiwan/project/WorldAgen/worldagen.github.io/node_modules/is-plain-obj'
103 silly reify ]
104 silly reify mark retired [
104 silly reify   '/home/chiwan/project/WorldAgen/worldagen.github.io/node_modules/is-wsl'
104 silly reify ]
105 silly reify mark retired [
105 silly reify   '/home/chiwan/project/WorldAgen/worldagen.github.io/node_modules/js-yaml'
105 silly reify ]
106 silly reify mark retired [
106 silly reify   '/home/chiwan/project/WorldAgen/worldagen.github.io/node_modules/kleur'
106 silly reify ]
107 silly reify mark retired [
107 silly reify   '/home/chiwan/project/WorldAgen/worldagen.github.io/node_modules/longest-streak'
107 silly reify ]
108 silly reify mark retired [
108 silly reify   '/home/chiwan/project/WorldAgen/worldagen.github.io/node_modules/lru-cache'
108 silly reify ]
109 silly reify mark retired [
109 silly reify   '/home/chiwan/project/WorldAgen/worldagen.github.io/node_modules/magic-string'
109 silly reify ]
110 silly reify mark retired [
110 silly reify   '/home/chiwan/project/WorldAgen/worldagen.github.io/node_modules/magicast'
110 silly reify ]
111 silly reify mark retired [
111 silly reify   '/home/chiwan/project/WorldAgen/worldagen.github.io/node_modules/markdown-table'
111 silly reify ]
112 silly reify mark retired [
112 silly reify   '/home/chiwan/project/WorldAgen/worldagen.github.io/node_modules/mdast-util-definitions'
112 silly reify ]
113 silly reify mark retired [
113 silly reify   '/home/chiwan/project/WorldAgen/worldagen.github.io/node_modules/mdast-util-find-and-replace'
113 silly reify ]
114 silly reify mark retired [
114 silly reify   '/home/chiwan/project/WorldAgen/worldagen.github.io/node_modules/mdast-util-from-markdown'
114 silly reify ]
115 silly reify mark retired [
115 silly reify   '/home/chiwan/project/WorldAgen/worldagen.github.io/node_modules/mdast-util-gfm'
115 silly reify ]
116 silly reify mark retired [
116 silly reify   '/home/chiwan/project/WorldAgen/worldagen.github.io/node_modules/mdast-util-gfm-autolink-literal'
116 silly reify ]
117 silly reify mark retired [
117 silly reify   '/home/chiwan/project/WorldAgen/worldagen.github.io/node_modules/mdast-util-gfm-footnote'
117 silly reify ]
118 silly reify mark retired [
118 silly reify   '/home/chiwan/project/WorldAgen/worldagen.github.io/node_modules/mdast-util-gfm-strikethrough'
118 silly reify ]
119 silly reify mark retired [
119 silly reify   '/home/chiwan/project/WorldAgen/worldagen.github.io/node_modules/mdast-util-gfm-table'
119 silly reify ]
120 silly reify mark retired [
120 silly reify   '/home/chiwan/project/WorldAgen/worldagen.github.io/node_modules/mdast-util-gfm-task-list-item'
120 silly reify ]
121 silly reify mark retired [
121 silly reify   '/home/chiwan/project/WorldAgen/worldagen.github.io/node_modules/mdast-util-phrasing'
121 silly reify ]
122 silly reify mark retired [
122 silly reify   '/home/chiwan/project/WorldAgen/worldagen.github.io/node_modules/mdast-util-to-hast'
122 silly reify ]
123 silly reify mark retired [
123 silly reify   '/home/chiwan/project/WorldAgen/worldagen.github.io/node_modules/mdast-util-to-markdown'
123 silly reify ]
124 silly reify mark retired [
124 silly reify   '/home/chiwan/project/WorldAgen/worldagen.github.io/node_modules/mdast-util-to-string'
124 silly reify ]
125 silly reify mark retired [
125 silly reify   '/home/chiwan/project/WorldAgen/worldagen.github.io/node_modules/mdn-data'
125 silly reify ]
126 silly reify mark retired [
126 silly reify   '/home/chiwan/project/WorldAgen/worldagen.github.io/node_modules/micromark'
126 silly reify ]
127 silly reify mark retired [
127 silly reify   '/home/chiwan/project/WorldAgen/worldagen.github.io/node_modules/micromark-core-commonmark'
127 silly reify ]
128 silly reify mark retired [
128 silly reify   '/home/chiwan/project/WorldAgen/worldagen.github.io/node_modules/micromark-extension-gfm'
128 silly reify ]
129 silly reify mark retired [
129 silly reify   '/home/chiwan/project/WorldAgen/worldagen.github.io/node_modules/micromark-extension-gfm-autolink-literal'
129 silly reify ]
130 silly reify mark retired [
130 silly reify   '/home/chiwan/project/WorldAgen/worldagen.github.io/node_modules/micromark-extension-gfm-footnote'
130 silly reify ]
131 silly reify mark retired [
131 silly reify   '/home/chiwan/project/WorldAgen/worldagen.github.io/node_modules/micromark-extension-gfm-strikethrough'
131 silly reify ]
132 silly reify mark retired [
132 silly reify   '/home/chiwan/project/WorldAgen/worldagen.github.io/node_modules/micromark-extension-gfm-table'
132 silly reify ]
133 silly reify mark retired [
133 silly reify   '/home/chiwan/project/WorldAgen/worldagen.github.io/node_modules/micromark-extension-gfm-tagfilter'
133 silly reify ]
134 silly reify mark retired [
134 silly reify   '/home/chiwan/project/WorldAgen/worldagen.github.io/node_modules/micromark-extension-gfm-task-list-item'
134 silly reify ]
135 silly reify mark retired [
135 silly reify   '/home/chiwan/project/WorldAgen/worldagen.github.io/node_modules/micromark-factory-destination'
135 silly reify ]
136 silly reify mark retired [
136 silly reify   '/home/chiwan/project/WorldAgen/worldagen.github.io/node_modules/micromark-factory-label'
136 silly reify ]
137 silly reify mark retired [
137 silly reify   '/home/chiwan/project/WorldAgen/worldagen.github.io/node_modules/micromark-factory-space'
137 silly reify ]
138 silly reify mark retired [
138 silly reify   '/home/chiwan/project/WorldAgen/worldagen.github.io/node_modules/micromark-factory-title'
138 silly reify ]
139 silly reify mark retired [
139 silly reify   '/home/chiwan/project/WorldAgen/worldagen.github.io/node_modules/micromark-factory-whitespace'
139 silly reify ]
140 silly reify mark retired [
140 silly reify   '/home/chiwan/project/WorldAgen/worldagen.github.io/node_modules/micromark-util-character'
140 silly reify ]
141 silly reify mark retired [
141 silly reify   '/home/chiwan/project/WorldAgen/worldagen.github.io/node_modules/micromark-util-chunked'
141 silly reify ]
142 silly reify mark retired [
142 silly reify   '/home/chiwan/project/WorldAgen/worldagen.github.io/node_modules/micromark-util-classify-character'
142 silly reify ]
143 silly reify mark retired [
143 silly reify   '/home/chiwan/project/WorldAgen/worldagen.github.io/node_modules/micromark-util-combine-extensions'
143 silly reify ]
144 silly reify mark retired [
144 silly reify   '/home/chiwan/project/WorldAgen/worldagen.github.io/node_modules/micromark-util-decode-numeric-character-reference'
144 silly reify ]
145 silly reify mark retired [
145 silly reify   '/home/chiwan/project/WorldAgen/worldagen.github.io/node_modules/micromark-util-decode-string'
145 silly reify ]
146 silly reify mark retired [
146 silly reify   '/home/chiwan/project/WorldAgen/worldagen.github.io/node_modules/micromark-util-encode'
146 silly reify ]
147 silly reify mark retired [
147 silly reify   '/home/chiwan/project/WorldAgen/worldagen.github.io/node_modules/micromark-util-html-tag-name'
147 silly reify ]
148 silly reify mark retired [
148 silly reify   '/home/chiwan/project/WorldAgen/worldagen.github.io/node_modules/micromark-util-normalize-identifier'
148 silly reify ]
149 silly reify mark retired [
149 silly reify   '/home/chiwan/project/WorldAgen/worldagen.github.io/node_modules/micromark-util-resolve-all'
149 silly reify ]
150 silly reify mark retired [
150 silly reify   '/home/chiwan/project/WorldAgen/worldagen.github.io/node_modules/micromark-util-sanitize-uri'
150 silly reify ]
151 silly reify mark retired [
151 silly reify   '/home/chiwan/project/WorldAgen/worldagen.github.io/node_modules/micromark-util-subtokenize'
151 silly reify ]
152 silly reify mark retired [
152 silly reify   '/home/chiwan/project/WorldAgen/worldagen.github.io/node_modules/micromark-util-symbol'
152 silly reify ]
153 silly reify mark retired [
153 silly reify   '/home/chiwan/project/WorldAgen/worldagen.github.io/node_modules/micromark-util-types'
153 silly reify ]
154 silly reify mark retired [
154 silly reify   '/home/chiwan/project/WorldAgen/worldagen.github.io/node_modules/mrmime'
154 silly reify ]
155 silly reify mark retired [
155 silly reify   '/home/chiwan/project/WorldAgen/worldagen.github.io/node_modules/ms'
155 silly reify ]
156 silly reify mark retired [
156 silly reify   '/home/chiwan/project/WorldAgen/worldagen.github.io/node_modules/nanoid'
156 silly reify ]
157 silly reify mark retired [
157 silly reify   '/home/chiwan/project/WorldAgen/worldagen.github.io/node_modules/neotraverse'
157 silly reify ]
158 silly reify mark retired [
158 silly reify   '/home/chiwan/project/WorldAgen/worldagen.github.io/node_modules/nlcst-to-string'
158 silly reify ]
159 silly reify mark retired [
159 silly reify   '/home/chiwan/project/WorldAgen/worldagen.github.io/node_modules/node-fetch'
159 silly reify ]
160 silly reify mark retired [
160 silly reify   '/home/chiwan/project/WorldAgen/worldagen.github.io/node_modules/node-fetch-native'
160 silly reify ]
161 silly reify mark retired [
161 silly reify   '/home/chiwan/project/WorldAgen/worldagen.github.io/node_modules/node-mock-http'
161 silly reify ]
162 silly reify mark retired [
162 silly reify   '/home/chiwan/project/WorldAgen/worldagen.github.io/node_modules/normalize-path'
162 silly reify ]
163 silly reify mark retired [
163 silly reify   '/home/chiwan/project/WorldAgen/worldagen.github.io/node_modules/ofetch'
163 silly reify ]
164 silly reify mark retired [
164 silly reify   '/home/chiwan/project/WorldAgen/worldagen.github.io/node_modules/ohash'
164 silly reify ]
165 silly reify mark retired [
165 silly reify   '/home/chiwan/project/WorldAgen/worldagen.github.io/node_modules/oniguruma-parser'
165 silly reify ]
166 silly reify mark retired [
166 silly reify   '/home/chiwan/project/WorldAgen/worldagen.github.io/node_modules/oniguruma-to-es'
166 silly reify ]
167 silly reify mark retired [
167 silly reify   '/home/chiwan/project/WorldAgen/worldagen.github.io/node_modules/p-limit'
167 silly reify ]
168 silly reify mark retired [
168 silly reify   '/home/chiwan/project/WorldAgen/worldagen.github.io/node_modules/p-queue'
168 silly reify ]
169 silly reify mark retired [
169 silly reify   '/home/chiwan/project/WorldAgen/worldagen.github.io/node_modules/p-timeout'
169 silly reify ]
170 silly reify mark retired [
170 silly reify   '/home/chiwan/project/WorldAgen/worldagen.github.io/node_modules/package-manager-detector'
170 silly reify ]
171 silly reify mark retired [
171 silly reify   '/home/chiwan/project/WorldAgen/worldagen.github.io/node_modules/pako'
171 silly reify ]
172 silly reify mark retired [
172 silly reify   '/home/chiwan/project/WorldAgen/worldagen.github.io/node_modules/parse-latin'
172 silly reify ]
173 silly reify mark retired [
173 silly reify   '/home/chiwan/project/WorldAgen/worldagen.github.io/node_modules/parse5'
173 silly reify ]
174 silly reify mark retired [
174 silly reify   '/home/chiwan/project/WorldAgen/worldagen.github.io/node_modules/picocolors'
174 silly reify ]
175 silly reify mark retired [
175 silly reify   '/home/chiwan/project/WorldAgen/worldagen.github.io/node_modules/picomatch'
175 silly reify ]
176 silly reify mark retired [
176 silly reify   '/home/chiwan/project/WorldAgen/worldagen.github.io/node_modules/postcss'
176 silly reify ]
177 silly reify mark retired [
177 silly reify   '/home/chiwan/project/WorldAgen/worldagen.github.io/node_modules/prismjs'
177 silly reify ]
178 silly reify mark retired [
178 silly reify   '/home/chiwan/project/WorldAgen/worldagen.github.io/node_modules/prompts'
178 silly reify ]
179 silly reify mark retired [
179 silly reify   '/home/chiwan/project/WorldAgen/worldagen.github.io/node_modules/property-information'
179 silly reify ]
180 silly reify mark retired [
180 silly reify   '/home/chiwan/project/WorldAgen/worldagen.github.io/node_modules/radix3'
180 silly reify ]
181 silly reify mark retired [
181 silly reify   '/home/chiwan/project/WorldAgen/worldagen.github.io/node_modules/readdirp'
181 silly reify ]
182 silly reify mark retired [
182 silly reify   '/home/chiwan/project/WorldAgen/worldagen.github.io/node_modules/regex'
182 silly reify ]
183 silly reify mark retired [
183 silly reify   '/home/chiwan/project/WorldAgen/worldagen.github.io/node_modules/regex-recursion'
183 silly reify ]
184 silly reify mark retired [
184 silly reify   '/home/chiwan/project/WorldAgen/worldagen.github.io/node_modules/regex-utilities'
184 silly reify ]
185 silly reify mark retired [
185 silly reify   '/home/chiwan/project/WorldAgen/worldagen.github.io/node_modules/rehype'
185 silly reify ]
186 silly reify mark retired [
186 silly reify   '/home/chiwan/project/WorldAgen/worldagen.github.io/node_modules/rehype-parse'
186 silly reify ]
187 silly reify mark retired [
187 silly reify   '/home/chiwan/project/WorldAgen/worldagen.github.io/node_modules/rehype-raw'
187 silly reify ]
188 silly reify mark retired [
188 silly reify   '/home/chiwan/project/WorldAgen/worldagen.github.io/node_modules/rehype-stringify'
188 silly reify ]
189 silly reify mark retired [
189 silly reify   '/home/chiwan/project/WorldAgen/worldagen.github.io/node_modules/remark-gfm'
189 silly reify ]
190 silly reify mark retired [
190 silly reify   '/home/chiwan/project/WorldAgen/worldagen.github.io/node_modules/remark-parse'
190 silly reify ]
191 silly reify mark retired [
191 silly reify   '/home/chiwan/project/WorldAgen/worldagen.github.io/node_modules/remark-rehype'
191 silly reify ]
192 silly reify mark retired [
192 silly reify   '/home/chiwan/project/WorldAgen/worldagen.github.io/node_modules/remark-smartypants'
192 silly reify ]
193 silly reify mark retired [
193 silly reify   '/home/chiwan/project/WorldAgen/worldagen.github.io/node_modules/remark-stringify'
193 silly reify ]
194 silly reify mark retired [
194 silly reify   '/home/chiwan/project/WorldAgen/worldagen.github.io/node_modules/restructure'
194 silly reify ]
195 silly reify mark retired [
195 silly reify   '/home/chiwan/project/WorldAgen/worldagen.github.io/node_modules/retext'
195 silly reify ]
196 silly reify mark retired [
196 silly reify   '/home/chiwan/project/WorldAgen/worldagen.github.io/node_modules/retext-latin'
196 silly reify ]
197 silly reify mark retired [
197 silly reify   '/home/chiwan/project/WorldAgen/worldagen.github.io/node_modules/retext-smartypants'
197 silly reify ]
198 silly reify mark retired [
198 silly reify   '/home/chiwan/project/WorldAgen/worldagen.github.io/node_modules/retext-stringify'
198 silly reify ]
199 silly reify mark retired [
199 silly reify   '/home/chiwan/project/WorldAgen/worldagen.github.io/node_modules/rollup'
199 silly reify ]
200 silly reify mark retired [
200 silly reify   '/home/chiwan/project/WorldAgen/worldagen.github.io/node_modules/semver'
200 silly reify ]
201 silly reify mark retired [
201 silly reify   '/home/chiwan/project/WorldAgen/worldagen.github.io/node_modules/sharp'
201 silly reify ]
202 silly reify mark retired [
202 silly reify   '/home/chiwan/project/WorldAgen/worldagen.github.io/node_modules/shiki'
202 silly reify ]
203 silly reify mark retired [
203 silly reify   '/home/chiwan/project/WorldAgen/worldagen.github.io/node_modules/simple-swizzle'
203 silly reify ]
204 silly reify mark retired [
204 silly reify   '/home/chiwan/project/WorldAgen/worldagen.github.io/node_modules/sisteransi'
204 silly reify ]
205 silly reify mark retired [
205 silly reify   '/home/chiwan/project/WorldAgen/worldagen.github.io/node_modules/smol-toml'
205 silly reify ]
206 silly reify mark retired [
206 silly reify   '/home/chiwan/project/WorldAgen/worldagen.github.io/node_modules/source-map-js'
206 silly reify ]
207 silly reify mark retired [
207 silly reify   '/home/chiwan/project/WorldAgen/worldagen.github.io/node_modules/space-separated-tokens'
207 silly reify ]
208 silly reify mark retired [
208 silly reify   '/home/chiwan/project/WorldAgen/worldagen.github.io/node_modules/string-width'
208 silly reify ]
209 silly reify mark retired [
209 silly reify   '/home/chiwan/project/WorldAgen/worldagen.github.io/node_modules/stringify-entities'
209 silly reify ]
210 silly reify mark retired [
210 silly reify   '/home/chiwan/project/WorldAgen/worldagen.github.io/node_modules/strip-ansi'
210 silly reify ]
211 silly reify mark retired [
211 silly reify   '/home/chiwan/project/WorldAgen/worldagen.github.io/node_modules/tiny-inflate'
211 silly reify ]
212 silly reify mark retired [
212 silly reify   '/home/chiwan/project/WorldAgen/worldagen.github.io/node_modules/tinyexec'
212 silly reify ]
213 silly reify mark retired [
213 silly reify   '/home/chiwan/project/WorldAgen/worldagen.github.io/node_modules/tinyglobby'
213 silly reify ]
214 silly reify mark retired [
214 silly reify   '/home/chiwan/project/WorldAgen/worldagen.github.io/node_modules/tr46'
214 silly reify ]
215 silly reify mark retired [
215 silly reify   '/home/chiwan/project/WorldAgen/worldagen.github.io/node_modules/trim-lines'
215 silly reify ]
216 silly reify mark retired [
216 silly reify   '/home/chiwan/project/WorldAgen/worldagen.github.io/node_modules/trough'
216 silly reify ]
217 silly reify mark retired [
217 silly reify   '/home/chiwan/project/WorldAgen/worldagen.github.io/node_modules/tsconfck'
217 silly reify ]
218 silly reify mark retired [
218 silly reify   '/home/chiwan/project/WorldAgen/worldagen.github.io/node_modules/tslib'
218 silly reify ]
219 silly reify mark retired [
219 silly reify   '/home/chiwan/project/WorldAgen/worldagen.github.io/node_modules/type-fest'
219 silly reify ]
220 silly reify mark retired [
220 silly reify   '/home/chiwan/project/WorldAgen/worldagen.github.io/node_modules/typescript'
220 silly reify ]
221 silly reify mark retired [
221 silly reify   '/home/chiwan/project/WorldAgen/worldagen.github.io/node_modules/ufo'
221 silly reify ]
222 silly reify mark retired [
222 silly reify   '/home/chiwan/project/WorldAgen/worldagen.github.io/node_modules/ultrahtml'
222 silly reify ]
223 silly reify mark retired [
223 silly reify   '/home/chiwan/project/WorldAgen/worldagen.github.io/node_modules/uncrypto'
223 silly reify ]
224 silly reify mark retired [
224 silly reify   '/home/chiwan/project/WorldAgen/worldagen.github.io/node_modules/unicode-properties'
224 silly reify ]
225 silly reify mark retired [
225 silly reify   '/home/chiwan/project/WorldAgen/worldagen.github.io/node_modules/unicode-trie'
225 silly reify ]
226 silly reify mark retired [
226 silly reify   '/home/chiwan/project/WorldAgen/worldagen.github.io/node_modules/unified'
226 silly reify ]
227 silly reify mark retired [
227 silly reify   '/home/chiwan/project/WorldAgen/worldagen.github.io/node_modules/unifont'
227 silly reify ]
228 silly reify mark retired [
228 silly reify   '/home/chiwan/project/WorldAgen/worldagen.github.io/node_modules/unist-util-find-after'
228 silly reify ]
229 silly reify mark retired [
229 silly reify   '/home/chiwan/project/WorldAgen/worldagen.github.io/node_modules/unist-util-is'
229 silly reify ]
230 silly reify mark retired [
230 silly reify   '/home/chiwan/project/WorldAgen/worldagen.github.io/node_modules/unist-util-modify-children'
230 silly reify ]
231 silly reify mark retired [
231 silly reify   '/home/chiwan/project/WorldAgen/worldagen.github.io/node_modules/unist-util-position'
231 silly reify ]
232 silly reify mark retired [
232 silly reify   '/home/chiwan/project/WorldAgen/worldagen.github.io/node_modules/unist-util-remove-position'
232 silly reify ]
233 silly reify mark retired [
233 silly reify   '/home/chiwan/project/WorldAgen/worldagen.github.io/node_modules/unist-util-stringify-position'
233 silly reify ]
234 silly reify mark retired [
234 silly reify   '/home/chiwan/project/WorldAgen/worldagen.github.io/node_modules/unist-util-visit'
234 silly reify ]
235 silly reify mark retired [
235 silly reify   '/home/chiwan/project/WorldAgen/worldagen.github.io/node_modules/unist-util-visit-children'
235 silly reify ]
236 silly reify mark retired [
236 silly reify   '/home/chiwan/project/WorldAgen/worldagen.github.io/node_modules/unist-util-visit-parents'
236 silly reify ]
237 silly reify mark retired [
237 silly reify   '/home/chiwan/project/WorldAgen/worldagen.github.io/node_modules/unstorage'
237 silly reify ]
238 silly reify mark retired [
238 silly reify   '/home/chiwan/project/WorldAgen/worldagen.github.io/node_modules/vfile'
238 silly reify ]
239 silly reify mark retired [
239 silly reify   '/home/chiwan/project/WorldAgen/worldagen.github.io/node_modules/vfile-location'
239 silly reify ]
240 silly reify mark retired [
240 silly reify   '/home/chiwan/project/WorldAgen/worldagen.github.io/node_modules/vfile-message'
240 silly reify ]
241 silly reify mark retired [
241 silly reify   '/home/chiwan/project/WorldAgen/worldagen.github.io/node_modules/vite'
241 silly reify ]
242 silly reify mark retired [
242 silly reify   '/home/chiwan/project/WorldAgen/worldagen.github.io/node_modules/vitefu'
242 silly reify ]
243 silly reify mark retired [
243 silly reify   '/home/chiwan/project/WorldAgen/worldagen.github.io/node_modules/web-namespaces'
243 silly reify ]
244 silly reify mark retired [
244 silly reify   '/home/chiwan/project/WorldAgen/worldagen.github.io/node_modules/webidl-conversions'
244 silly reify ]
245 silly reify mark retired [
245 silly reify   '/home/chiwan/project/WorldAgen/worldagen.github.io/node_modules/whatwg-url'
245 silly reify ]
246 silly reify mark retired [
246 silly reify   '/home/chiwan/project/WorldAgen/worldagen.github.io/node_modules/which-pm-runs'
246 silly reify ]
247 silly reify mark retired [
247 silly reify   '/home/chiwan/project/WorldAgen/worldagen.github.io/node_modules/widest-line'
247 silly reify ]
248 silly reify mark retired [
248 silly reify   '/home/chiwan/project/WorldAgen/worldagen.github.io/node_modules/wrap-ansi'
248 silly reify ]
249 silly reify mark retired [
249 silly reify   '/home/chiwan/project/WorldAgen/worldagen.github.io/node_modules/xxhash-wasm'
249 silly reify ]
250 silly reify mark retired [
250 silly reify   '/home/chiwan/project/WorldAgen/worldagen.github.io/node_modules/yargs-parser'
250 silly reify ]
251 silly reify mark retired [
251 silly reify   '/home/chiwan/project/WorldAgen/worldagen.github.io/node_modules/yocto-queue'
251 silly reify ]
252 silly reify mark retired [
252 silly reify   '/home/chiwan/project/WorldAgen/worldagen.github.io/node_modules/yocto-spinner'
252 silly reify ]
253 silly reify mark retired [
253 silly reify   '/home/chiwan/project/WorldAgen/worldagen.github.io/node_modules/yoctocolors'
253 silly reify ]
254 silly reify mark retired [
254 silly reify   '/home/chiwan/project/WorldAgen/worldagen.github.io/node_modules/zod'
254 silly reify ]
255 silly reify mark retired [
255 silly reify   '/home/chiwan/project/WorldAgen/worldagen.github.io/node_modules/zod-to-json-schema'
255 silly reify ]
256 silly reify mark retired [
256 silly reify   '/home/chiwan/project/WorldAgen/worldagen.github.io/node_modules/zod-to-ts'
256 silly reify ]
257 silly reify mark retired [
257 silly reify   '/home/chiwan/project/WorldAgen/worldagen.github.io/node_modules/zwitch'
257 silly reify ]
258 silly reify mark retired [
258 silly reify   '/home/chiwan/project/WorldAgen/worldagen.github.io/node_modules/@babel/helper-string-parser'
258 silly reify ]
259 silly reify mark retired [
259 silly reify   '/home/chiwan/project/WorldAgen/worldagen.github.io/node_modules/@babel/helper-validator-identifier'
259 silly reify ]
260 silly reify mark retired [
260 silly reify   '/home/chiwan/project/WorldAgen/worldagen.github.io/node_modules/@babel/parser'
260 silly reify ]
261 silly reify mark retired [
261 silly reify   '/home/chiwan/project/WorldAgen/worldagen.github.io/node_modules/@babel/types'
261 silly reify ]
262 silly reify mark retired [
262 silly reify   '/home/chiwan/project/WorldAgen/worldagen.github.io/node_modules/@astrojs/compiler'
262 silly reify ]
263 silly reify mark retired [
263 silly reify   '/home/chiwan/project/WorldAgen/worldagen.github.io/node_modules/@astrojs/internal-helpers'
263 silly reify ]
264 silly reify mark retired [
264 silly reify   '/home/chiwan/project/WorldAgen/worldagen.github.io/node_modules/@astrojs/markdown-remark'
264 silly reify ]
265 silly reify mark retired [
265 silly reify   '/home/chiwan/project/WorldAgen/worldagen.github.io/node_modules/@astrojs/prism'
265 silly reify ]
266 silly reify mark retired [
266 silly reify   '/home/chiwan/project/WorldAgen/worldagen.github.io/node_modules/@astrojs/telemetry'
266 silly reify ]
267 silly reify mark retired [
267 silly reify   '/home/chiwan/project/WorldAgen/worldagen.github.io/node_modules/@capsizecss/unpack'
267 silly reify ]
268 silly reify mark retired [
268 silly reify   '/home/chiwan/project/WorldAgen/worldagen.github.io/node_modules/@esbuild/aix-ppc64'
268 silly reify ]
269 silly reify mark retired [
269 silly reify   '/home/chiwan/project/WorldAgen/worldagen.github.io/node_modules/@esbuild/android-arm'
269 silly reify ]
270 silly reify mark retired [
270 silly reify   '/home/chiwan/project/WorldAgen/worldagen.github.io/node_modules/@esbuild/android-arm64'
270 silly reify ]
271 silly reify mark retired [
271 silly reify   '/home/chiwan/project/WorldAgen/worldagen.github.io/node_modules/@esbuild/android-x64'
271 silly reify ]
272 silly reify mark retired [
272 silly reify   '/home/chiwan/project/WorldAgen/worldagen.github.io/node_modules/@esbuild/darwin-arm64'
272 silly reify ]
273 silly reify mark retired [
273 silly reify   '/home/chiwan/project/WorldAgen/worldagen.github.io/node_modules/@esbuild/darwin-x64'
273 silly reify ]
274 silly reify mark retired [
274 silly reify   '/home/chiwan/project/WorldAgen/worldagen.github.io/node_modules/@esbuild/freebsd-arm64'
274 silly reify ]
275 silly reify mark retired [
275 silly reify   '/home/chiwan/project/WorldAgen/worldagen.github.io/node_modules/@esbuild/freebsd-x64'
275 silly reify ]
276 silly reify mark retired [
276 silly reify   '/home/chiwan/project/WorldAgen/worldagen.github.io/node_modules/@esbuild/linux-arm'
276 silly reify ]
277 silly reify mark retired [
277 silly reify   '/home/chiwan/project/WorldAgen/worldagen.github.io/node_modules/@esbuild/linux-arm64'
277 silly reify ]
278 silly reify mark retired [
278 silly reify   '/home/chiwan/project/WorldAgen/worldagen.github.io/node_modules/@esbuild/linux-ia32'
278 silly reify ]
279 silly reify mark retired [
279 silly reify   '/home/chiwan/project/WorldAgen/worldagen.github.io/node_modules/@esbuild/linux-loong64'
279 silly reify ]
280 silly reify mark retired [
280 silly reify   '/home/chiwan/project/WorldAgen/worldagen.github.io/node_modules/@esbuild/linux-mips64el'
280 silly reify ]
281 silly reify mark retired [
281 silly reify   '/home/chiwan/project/WorldAgen/worldagen.github.io/node_modules/@esbuild/linux-ppc64'
281 silly reify ]
282 silly reify mark retired [
282 silly reify   '/home/chiwan/project/WorldAgen/worldagen.github.io/node_modules/@esbuild/linux-riscv64'
282 silly reify ]
283 silly reify mark retired [
283 silly reify   '/home/chiwan/project/WorldAgen/worldagen.github.io/node_modules/@esbuild/linux-s390x'
283 silly reify ]
284 silly reify mark retired [
284 silly reify   '/home/chiwan/project/WorldAgen/worldagen.github.io/node_modules/@esbuild/linux-x64'
284 silly reify ]
285 silly reify mark retired [
285 silly reify   '/home/chiwan/project/WorldAgen/worldagen.github.io/node_modules/@esbuild/netbsd-arm64'
285 silly reify ]
286 silly reify mark retired [
286 silly reify   '/home/chiwan/project/WorldAgen/worldagen.github.io/node_modules/@esbuild/netbsd-x64'
286 silly reify ]
287 silly reify mark retired [
287 silly reify   '/home/chiwan/project/WorldAgen/worldagen.github.io/node_modules/@esbuild/openbsd-arm64'
287 silly reify ]
288 silly reify mark retired [
288 silly reify   '/home/chiwan/project/WorldAgen/worldagen.github.io/node_modules/@esbuild/openbsd-x64'
288 silly reify ]
289 silly reify mark retired [
289 silly reify   '/home/chiwan/project/WorldAgen/worldagen.github.io/node_modules/@esbuild/sunos-x64'
289 silly reify ]
290 silly reify mark retired [
290 silly reify   '/home/chiwan/project/WorldAgen/worldagen.github.io/node_modules/@esbuild/win32-arm64'
290 silly reify ]
291 silly reify mark retired [
291 silly reify   '/home/chiwan/project/WorldAgen/worldagen.github.io/node_modules/@esbuild/win32-ia32'
291 silly reify ]
292 silly reify mark retired [
292 silly reify   '/home/chiwan/project/WorldAgen/worldagen.github.io/node_modules/@esbuild/win32-x64'
292 silly reify ]
293 silly reify mark retired [
293 silly reify   '/home/chiwan/project/WorldAgen/worldagen.github.io/node_modules/@emnapi/runtime'
293 silly reify ]
294 silly reify mark retired [
294 silly reify   '/home/chiwan/project/WorldAgen/worldagen.github.io/node_modules/@img/sharp-darwin-arm64'
294 silly reify ]
295 silly reify mark retired [
295 silly reify   '/home/chiwan/project/WorldAgen/worldagen.github.io/node_modules/@img/sharp-darwin-x64'
295 silly reify ]
296 silly reify mark retired [
296 silly reify   '/home/chiwan/project/WorldAgen/worldagen.github.io/node_modules/@img/sharp-libvips-darwin-arm64'
296 silly reify ]
297 silly reify mark retired [
297 silly reify   '/home/chiwan/project/WorldAgen/worldagen.github.io/node_modules/@img/sharp-libvips-darwin-x64'
297 silly reify ]
298 silly reify mark retired [
298 silly reify   '/home/chiwan/project/WorldAgen/worldagen.github.io/node_modules/@img/sharp-libvips-linux-arm'
298 silly reify ]
299 silly reify mark retired [
299 silly reify   '/home/chiwan/project/WorldAgen/worldagen.github.io/node_modules/@img/sharp-libvips-linux-arm64'
299 silly reify ]
300 silly reify mark retired [
300 silly reify   '/home/chiwan/project/WorldAgen/worldagen.github.io/node_modules/@img/sharp-libvips-linux-s390x'
300 silly reify ]
301 silly reify mark retired [
301 silly reify   '/home/chiwan/project/WorldAgen/worldagen.github.io/node_modules/@img/sharp-libvips-linux-x64'
301 silly reify ]
302 silly reify mark retired [
302 silly reify   '/home/chiwan/project/WorldAgen/worldagen.github.io/node_modules/@img/sharp-libvips-linuxmusl-arm64'
302 silly reify ]
303 silly reify mark retired [
303 silly reify   '/home/chiwan/project/WorldAgen/worldagen.github.io/node_modules/@img/sharp-libvips-linuxmusl-x64'
303 silly reify ]
304 silly reify mark retired [
304 silly reify   '/home/chiwan/project/WorldAgen/worldagen.github.io/node_modules/@img/sharp-linux-arm'
304 silly reify ]
305 silly reify mark retired [
305 silly reify   '/home/chiwan/project/WorldAgen/worldagen.github.io/node_modules/@img/sharp-linux-arm64'
305 silly reify ]
306 silly reify mark retired [
306 silly reify   '/home/chiwan/project/WorldAgen/worldagen.github.io/node_modules/@img/sharp-linux-s390x'
306 silly reify ]
307 silly reify mark retired [
307 silly reify   '/home/chiwan/project/WorldAgen/worldagen.github.io/node_modules/@img/sharp-linux-x64'
307 silly reify ]
308 silly reify mark retired [
308 silly reify   '/home/chiwan/project/WorldAgen/worldagen.github.io/node_modules/@img/sharp-linuxmusl-arm64'
308 silly reify ]
309 silly reify mark retired [
309 silly reify   '/home/chiwan/project/WorldAgen/worldagen.github.io/node_modules/@img/sharp-linuxmusl-x64'
309 silly reify ]
310 silly reify mark retired [
310 silly reify   '/home/chiwan/project/WorldAgen/worldagen.github.io/node_modules/@img/sharp-wasm32'
310 silly reify ]
311 silly reify mark retired [
311 silly reify   '/home/chiwan/project/WorldAgen/worldagen.github.io/node_modules/@img/sharp-win32-ia32'
311 silly reify ]
312 silly reify mark retired [
312 silly reify   '/home/chiwan/project/WorldAgen/worldagen.github.io/node_modules/@img/sharp-win32-x64'
312 silly reify ]
313 silly reify mark retired [
313 silly reify   '/home/chiwan/project/WorldAgen/worldagen.github.io/node_modules/@jridgewell/sourcemap-codec'
313 silly reify ]
314 silly reify mark retired [
314 silly reify   '/home/chiwan/project/WorldAgen/worldagen.github.io/node_modules/@oslojs/encoding'
314 silly reify ]
315 silly reify mark retired [
315 silly reify   '/home/chiwan/project/WorldAgen/worldagen.github.io/node_modules/@rollup/pluginutils'
315 silly reify ]
316 silly reify mark retired [
316 silly reify   '/home/chiwan/project/WorldAgen/worldagen.github.io/node_modules/@rollup/rollup-android-arm-eabi'
316 silly reify ]
317 silly reify mark retired [
317 silly reify   '/home/chiwan/project/WorldAgen/worldagen.github.io/node_modules/@rollup/rollup-android-arm64'
317 silly reify ]
318 silly reify mark retired [
318 silly reify   '/home/chiwan/project/WorldAgen/worldagen.github.io/node_modules/@rollup/rollup-darwin-arm64'
318 silly reify ]
319 silly reify mark retired [
319 silly reify   '/home/chiwan/project/WorldAgen/worldagen.github.io/node_modules/@rollup/rollup-darwin-x64'
319 silly reify ]
320 silly reify mark retired [
320 silly reify   '/home/chiwan/project/WorldAgen/worldagen.github.io/node_modules/@rollup/rollup-freebsd-arm64'
320 silly reify ]
321 silly reify mark retired [
321 silly reify   '/home/chiwan/project/WorldAgen/worldagen.github.io/node_modules/@rollup/rollup-freebsd-x64'
321 silly reify ]
322 silly reify mark retired [
322 silly reify   '/home/chiwan/project/WorldAgen/worldagen.github.io/node_modules/@rollup/rollup-linux-arm-gnueabihf'
322 silly reify ]
323 silly reify mark retired [
323 silly reify   '/home/chiwan/project/WorldAgen/worldagen.github.io/node_modules/@rollup/rollup-linux-arm-musleabihf'
323 silly reify ]
324 silly reify mark retired [
324 silly reify   '/home/chiwan/project/WorldAgen/worldagen.github.io/node_modules/@rollup/rollup-linux-arm64-gnu'
324 silly reify ]
325 silly reify mark retired [
325 silly reify   '/home/chiwan/project/WorldAgen/worldagen.github.io/node_modules/@rollup/rollup-linux-arm64-musl'
325 silly reify ]
326 silly reify mark retired [
326 silly reify   '/home/chiwan/project/WorldAgen/worldagen.github.io/node_modules/@rollup/rollup-linux-loongarch64-gnu'
326 silly reify ]
327 silly reify mark retired [
327 silly reify   '/home/chiwan/project/WorldAgen/worldagen.github.io/node_modules/@rollup/rollup-linux-powerpc64le-gnu'
327 silly reify ]
328 silly reify mark retired [
328 silly reify   '/home/chiwan/project/WorldAgen/worldagen.github.io/node_modules/@rollup/rollup-linux-riscv64-gnu'
328 silly reify ]
329 silly reify mark retired [
329 silly reify   '/home/chiwan/project/WorldAgen/worldagen.github.io/node_modules/@rollup/rollup-linux-riscv64-musl'
329 silly reify ]
330 silly reify mark retired [
330 silly reify   '/home/chiwan/project/WorldAgen/worldagen.github.io/node_modules/@rollup/rollup-linux-s390x-gnu'
330 silly reify ]
331 silly reify mark retired [
331 silly reify   '/home/chiwan/project/WorldAgen/worldagen.github.io/node_modules/@rollup/rollup-linux-x64-gnu'
331 silly reify ]
332 silly reify mark retired [
332 silly reify   '/home/chiwan/project/WorldAgen/worldagen.github.io/node_modules/@rollup/rollup-linux-x64-musl'
332 silly reify ]
333 silly reify mark retired [
333 silly reify   '/home/chiwan/project/WorldAgen/worldagen.github.io/node_modules/@rollup/rollup-win32-arm64-msvc'
333 silly reify ]
334 silly reify mark retired [
334 silly reify   '/home/chiwan/project/WorldAgen/worldagen.github.io/node_modules/@rollup/rollup-win32-ia32-msvc'
334 silly reify ]
335 silly reify mark retired [
335 silly reify   '/home/chiwan/project/WorldAgen/worldagen.github.io/node_modules/@rollup/rollup-win32-x64-msvc'
335 silly reify ]
336 silly reify mark retired [
336 silly reify   '/home/chiwan/project/WorldAgen/worldagen.github.io/node_modules/@shikijs/core'
336 silly reify ]
337 silly reify mark retired [
337 silly reify   '/home/chiwan/project/WorldAgen/worldagen.github.io/node_modules/@shikijs/engine-javascript'
337 silly reify ]
338 silly reify mark retired [
338 silly reify   '/home/chiwan/project/WorldAgen/worldagen.github.io/node_modules/@shikijs/engine-oniguruma'
338 silly reify ]
339 silly reify mark retired [
339 silly reify   '/home/chiwan/project/WorldAgen/worldagen.github.io/node_modules/@shikijs/langs'
339 silly reify ]
340 silly reify mark retired [
340 silly reify   '/home/chiwan/project/WorldAgen/worldagen.github.io/node_modules/@shikijs/themes'
340 silly reify ]
341 silly reify mark retired [
341 silly reify   '/home/chiwan/project/WorldAgen/worldagen.github.io/node_modules/@shikijs/types'
341 silly reify ]
342 silly reify mark retired [
342 silly reify   '/home/chiwan/project/WorldAgen/worldagen.github.io/node_modules/@shikijs/vscode-textmate'
342 silly reify ]
343 silly reify mark retired [
343 silly reify   '/home/chiwan/project/WorldAgen/worldagen.github.io/node_modules/@types/debug'
343 silly reify ]
344 silly reify mark retired [
344 silly reify   '/home/chiwan/project/WorldAgen/worldagen.github.io/node_modules/@types/estree'
344 silly reify ]
345 silly reify mark retired [
345 silly reify   '/home/chiwan/project/WorldAgen/worldagen.github.io/node_modules/@types/hast'
345 silly reify ]
346 silly reify mark retired [
346 silly reify   '/home/chiwan/project/WorldAgen/worldagen.github.io/node_modules/@types/mdast'
346 silly reify ]
347 silly reify mark retired [
347 silly reify   '/home/chiwan/project/WorldAgen/worldagen.github.io/node_modules/@types/ms'
347 silly reify ]
348 silly reify mark retired [
348 silly reify   '/home/chiwan/project/WorldAgen/worldagen.github.io/node_modules/@types/nlcst'
348 silly reify ]
349 silly reify mark retired [
349 silly reify   '/home/chiwan/project/WorldAgen/worldagen.github.io/node_modules/@types/unist'
349 silly reify ]
350 silly reify mark retired [
350 silly reify   '/home/chiwan/project/WorldAgen/worldagen.github.io/node_modules/@swc/helpers'
350 silly reify ]
351 silly reify mark retired [
351 silly reify   '/home/chiwan/project/WorldAgen/worldagen.github.io/node_modules/@ungap/structured-clone'
351 silly reify ]
352 silly reify moves {
352 silly reify   '/home/chiwan/project/WorldAgen/worldagen.github.io/node_modules/acorn': '/home/chiwan/project/WorldAgen/worldagen.github.io/node_modules/.acorn-yiVn8VMv',
352 silly reify   '/home/chiwan/project/WorldAgen/worldagen.github.io/node_modules/ansi-align': '/home/chiwan/project/WorldAgen/worldagen.github.io/node_modules/.ansi-align-7C5SLMc3',
352 silly reify   '/home/chiwan/project/WorldAgen/worldagen.github.io/node_modules/ansi-regex': '/home/chiwan/project/WorldAgen/worldagen.github.io/node_modules/.ansi-regex-sRxcpaEe',
352 silly reify   '/home/chiwan/project/WorldAgen/worldagen.github.io/node_modules/ansi-styles': '/home/chiwan/project/WorldAgen/worldagen.github.io/node_modules/.ansi-styles-0XEvz6Pb',
352 silly reify   '/home/chiwan/project/WorldAgen/worldagen.github.io/node_modules/anymatch': '/home/chiwan/project/WorldAgen/worldagen.github.io/node_modules/.anymatch-HDIjCYFu',
352 silly reify   '/home/chiwan/project/WorldAgen/worldagen.github.io/node_modules/argparse': '/home/chiwan/project/WorldAgen/worldagen.github.io/node_modules/.argparse-G2Jk4dVU',
352 silly reify   '/home/chiwan/project/WorldAgen/worldagen.github.io/node_modules/aria-query': '/home/chiwan/project/WorldAgen/worldagen.github.io/node_modules/.aria-query-OI6aB45a',
352 silly reify   '/home/chiwan/project/WorldAgen/worldagen.github.io/node_modules/array-iterate': '/home/chiwan/project/WorldAgen/worldagen.github.io/node_modules/.array-iterate-uecP5nFg',
352 silly reify   '/home/chiwan/project/WorldAgen/worldagen.github.io/node_modules/astro': '/home/chiwan/project/WorldAgen/worldagen.github.io/node_modules/.astro-dT1xhekr',
352 silly reify   '/home/chiwan/project/WorldAgen/worldagen.github.io/node_modules/axobject-query': '/home/chiwan/project/WorldAgen/worldagen.github.io/node_modules/.axobject-query-bqevihw9',
352 silly reify   '/home/chiwan/project/WorldAgen/worldagen.github.io/node_modules/bail': '/home/chiwan/project/WorldAgen/worldagen.github.io/node_modules/.bail-e2xX9PnS',
352 silly reify   '/home/chiwan/project/WorldAgen/worldagen.github.io/node_modules/base-64': '/home/chiwan/project/WorldAgen/worldagen.github.io/node_modules/.base-64-wcRfz9sl',
352 silly reify   '/home/chiwan/project/WorldAgen/worldagen.github.io/node_modules/base64-js': '/home/chiwan/project/WorldAgen/worldagen.github.io/node_modules/.base64-js-AQ9fC0xG',
352 silly reify   '/home/chiwan/project/WorldAgen/worldagen.github.io/node_modules/blob-to-buffer': '/home/chiwan/project/WorldAgen/worldagen.github.io/node_modules/.blob-to-buffer-A3UWQZEu',
352 silly reify   '/home/chiwan/project/WorldAgen/worldagen.github.io/node_modules/boxen': '/home/chiwan/project/WorldAgen/worldagen.github.io/node_modules/.boxen-enLncQsn',
352 silly reify   '/home/chiwan/project/WorldAgen/worldagen.github.io/node_modules/brotli': '/home/chiwan/project/WorldAgen/worldagen.github.io/node_modules/.brotli-LP4XwRxE',
352 silly reify   '/home/chiwan/project/WorldAgen/worldagen.github.io/node_modules/camelcase': '/home/chiwan/project/WorldAgen/worldagen.github.io/node_modules/.camelcase-uQwSwpH9',
352 silly reify   '/home/chiwan/project/WorldAgen/worldagen.github.io/node_modules/ccount': '/home/chiwan/project/WorldAgen/worldagen.github.io/node_modules/.ccount-zphbaFCx',
352 silly reify   '/home/chiwan/project/WorldAgen/worldagen.github.io/node_modules/chalk': '/home/chiwan/project/WorldAgen/worldagen.github.io/node_modules/.chalk-90kYsdAh',
352 silly reify   '/home/chiwan/project/WorldAgen/worldagen.github.io/node_modules/character-entities': '/home/chiwan/project/WorldAgen/worldagen.github.io/node_modules/.character-entities-ZE8NGjHi',
352 silly reify   '/home/chiwan/project/WorldAgen/worldagen.github.io/node_modules/character-entities-html4': '/home/chiwan/project/WorldAgen/worldagen.github.io/node_modules/.character-entities-html4-RnQJrtq8',
352 silly reify   '/home/chiwan/project/WorldAgen/worldagen.github.io/node_modules/character-entities-legacy': '/home/chiwan/project/WorldAgen/worldagen.github.io/node_modules/.character-entities-legacy-ELllUux5',
352 silly reify   '/home/chiwan/project/WorldAgen/worldagen.github.io/node_modules/chokidar': '/home/chiwan/project/WorldAgen/worldagen.github.io/node_modules/.chokidar-l4Q3zUVF',
352 silly reify   '/home/chiwan/project/WorldAgen/worldagen.github.io/node_modules/ci-info': '/home/chiwan/project/WorldAgen/worldagen.github.io/node_modules/.ci-info-hRVpO6Nb',
352 silly reify   '/home/chiwan/project/WorldAgen/worldagen.github.io/node_modules/cli-boxes': '/home/chiwan/project/WorldAgen/worldagen.github.io/node_modules/.cli-boxes-UUWQkqJz',
352 silly reify   '/home/chiwan/project/WorldAgen/worldagen.github.io/node_modules/clone': '/home/chiwan/project/WorldAgen/worldagen.github.io/node_modules/.clone-lxHZwxIt',
352 silly reify   '/home/chiwan/project/WorldAgen/worldagen.github.io/node_modules/clsx': '/home/chiwan/project/WorldAgen/worldagen.github.io/node_modules/.clsx-XqS9frIO',
352 silly reify   '/home/chiwan/project/WorldAgen/worldagen.github.io/node_modules/color': '/home/chiwan/project/WorldAgen/worldagen.github.io/node_modules/.color-PCdEuvUm',
352 silly reify   '/home/chiwan/project/WorldAgen/worldagen.github.io/node_modules/color-convert': '/home/chiwan/project/WorldAgen/worldagen.github.io/node_modules/.color-convert-7SQ0WylF',
352 silly reify   '/home/chiwan/project/WorldAgen/worldagen.github.io/node_modules/color-name': '/home/chiwan/project/WorldAgen/worldagen.github.io/node_modules/.color-name-0rTyqBQX',
352 silly reify   '/home/chiwan/project/WorldAgen/worldagen.github.io/node_modules/color-string': '/home/chiwan/project/WorldAgen/worldagen.github.io/node_modules/.color-string-wlap4XAt',
352 silly reify   '/home/chiwan/project/WorldAgen/worldagen.github.io/node_modules/comma-separated-tokens': '/home/chiwan/project/WorldAgen/worldagen.github.io/node_modules/.comma-separated-tokens-wqHKIbMR',
352 silly reify   '/home/chiwan/project/WorldAgen/worldagen.github.io/node_modules/common-ancestor-path': '/home/chiwan/project/WorldAgen/worldagen.github.io/node_modules/.common-ancestor-path-2HZ3PD1k',
352 silly reify   '/home/chiwan/project/WorldAgen/worldagen.github.io/node_modules/cookie': '/home/chiwan/project/WorldAgen/worldagen.github.io/node_modules/.cookie-HYrdL0q6',
352 silly reify   '/home/chiwan/project/WorldAgen/worldagen.github.io/node_modules/cookie-es': '/home/chiwan/project/WorldAgen/worldagen.github.io/node_modules/.cookie-es-R172whYg',
352 silly reify   '/home/chiwan/project/WorldAgen/worldagen.github.io/node_modules/cross-fetch': '/home/chiwan/project/WorldAgen/worldagen.github.io/node_modules/.cross-fetch-j9fn71jg',
352 silly reify   '/home/chiwan/project/WorldAgen/worldagen.github.io/node_modules/crossws': '/home/chiwan/project/WorldAgen/worldagen.github.io/node_modules/.crossws-6Exzm5jP',
352 silly reify   '/home/chiwan/project/WorldAgen/worldagen.github.io/node_modules/css-tree': '/home/chiwan/project/WorldAgen/worldagen.github.io/node_modules/.css-tree-zJcErigO',
352 silly reify   '/home/chiwan/project/WorldAgen/worldagen.github.io/node_modules/cssesc': '/home/chiwan/project/WorldAgen/worldagen.github.io/node_modules/.cssesc-YmHmYXTc',
352 silly reify   '/home/chiwan/project/WorldAgen/worldagen.github.io/node_modules/debug': '/home/chiwan/project/WorldAgen/worldagen.github.io/node_modules/.debug-YXcNlrtD',
352 silly reify   '/home/chiwan/project/WorldAgen/worldagen.github.io/node_modules/decode-named-character-reference': '/home/chiwan/project/WorldAgen/worldagen.github.io/node_modules/.decode-named-character-reference-ZPLW7GHc',
352 silly reify   '/home/chiwan/project/WorldAgen/worldagen.github.io/node_modules/defu': '/home/chiwan/project/WorldAgen/worldagen.github.io/node_modules/.defu-Iot5Pr1Q',
352 silly reify   '/home/chiwan/project/WorldAgen/worldagen.github.io/node_modules/dequal': '/home/chiwan/project/WorldAgen/worldagen.github.io/node_modules/.dequal-v6nmAUXz',
352 silly reify   '/home/chiwan/project/WorldAgen/worldagen.github.io/node_modules/destr': '/home/chiwan/project/WorldAgen/worldagen.github.io/node_modules/.destr-jq1ZrX4V',
352 silly reify   '/home/chiwan/project/WorldAgen/worldagen.github.io/node_modules/detect-libc': '/home/chiwan/project/WorldAgen/worldagen.github.io/node_modules/.detect-libc-6uumkTMt',
352 silly reify   '/home/chiwan/project/WorldAgen/worldagen.github.io/node_modules/deterministic-object-hash': '/home/chiwan/project/WorldAgen/worldagen.github.io/node_modules/.deterministic-object-hash-cTRM2EIw',
352 silly reify   '/home/chiwan/project/WorldAgen/worldagen.github.io/node_modules/devalue': '/home/chiwan/project/WorldAgen/worldagen.github.io/node_modules/.devalue-V9joIiA0',
352 silly reify   '/home/chiwan/project/WorldAgen/worldagen.github.io/node_modules/devlop': '/home/chiwan/project/WorldAgen/worldagen.github.io/node_modules/.devlop-Rg5k4tXs',
352 silly reify   '/home/chiwan/project/WorldAgen/worldagen.github.io/node_modules/dfa': '/home/chiwan/project/WorldAgen/worldagen.github.io/node_modules/.dfa-NV89JL4H',
352 silly reify   '/home/chiwan/project/WorldAgen/worldagen.github.io/node_modules/diff': '/home/chiwan/project/WorldAgen/worldagen.github.io/node_modules/.diff-IkTZYvCU',
352 silly reify   '/home/chiwan/project/WorldAgen/worldagen.github.io/node_modules/dlv': '/home/chiwan/project/WorldAgen/worldagen.github.io/node_modules/.dlv-eK1tABpw',
352 silly reify   '/home/chiwan/project/WorldAgen/worldagen.github.io/node_modules/dset': '/home/chiwan/project/WorldAgen/worldagen.github.io/node_modules/.dset-RqPvxzE2',
352 silly reify   '/home/chiwan/project/WorldAgen/worldagen.github.io/node_modules/emoji-regex': '/home/chiwan/project/WorldAgen/worldagen.github.io/node_modules/.emoji-regex-QaBXKk6S',
352 silly reify   '/home/chiwan/project/WorldAgen/worldagen.github.io/node_modules/emoji-regex-xs': '/home/chiwan/project/WorldAgen/worldagen.github.io/node_modules/.emoji-regex-xs-t8XhkivX',
352 silly reify   '/home/chiwan/project/WorldAgen/worldagen.github.io/node_modules/entities': '/home/chiwan/project/WorldAgen/worldagen.github.io/node_modules/.entities-BigchFoY',
352 silly reify   '/home/chiwan/project/WorldAgen/worldagen.github.io/node_modules/es-module-lexer': '/home/chiwan/project/WorldAgen/worldagen.github.io/node_modules/.es-module-lexer-5PRdqY6I',
352 silly reify   '/home/chiwan/project/WorldAgen/worldagen.github.io/node_modules/esbuild': '/home/chiwan/project/WorldAgen/worldagen.github.io/node_modules/.esbuild-XXiS4rNK',
352 silly reify   '/home/chiwan/project/WorldAgen/worldagen.github.io/node_modules/escape-string-regexp': '/home/chiwan/project/WorldAgen/worldagen.github.io/node_modules/.escape-string-regexp-zmpixJ5P',
352 silly reify   '/home/chiwan/project/WorldAgen/worldagen.github.io/node_modules/estree-walker': '/home/chiwan/project/WorldAgen/worldagen.github.io/node_modules/.estree-walker-PD5tvoK6',
352 silly reify   '/home/chiwan/project/WorldAgen/worldagen.github.io/node_modules/eventemitter3': '/home/chiwan/project/WorldAgen/worldagen.github.io/node_modules/.eventemitter3-WqnLH788',
352 silly reify   '/home/chiwan/project/WorldAgen/worldagen.github.io/node_modules/extend': '/home/chiwan/project/WorldAgen/worldagen.github.io/node_modules/.extend-mEu7ZOqY',
352 silly reify   '/home/chiwan/project/WorldAgen/worldagen.github.io/node_modules/fast-deep-equal': '/home/chiwan/project/WorldAgen/worldagen.github.io/node_modules/.fast-deep-equal-Veh3LmrB',
352 silly reify   '/home/chiwan/project/WorldAgen/worldagen.github.io/node_modules/fdir': '/home/chiwan/project/WorldAgen/worldagen.github.io/node_modules/.fdir-22NlmL6L',
352 silly reify   '/home/chiwan/project/WorldAgen/worldagen.github.io/node_modules/flattie': '/home/chiwan/project/WorldAgen/worldagen.github.io/node_modules/.flattie-dOFwprej',
352 silly reify   '/home/chiwan/project/WorldAgen/worldagen.github.io/node_modules/fontkit': '/home/chiwan/project/WorldAgen/worldagen.github.io/node_modules/.fontkit-TlPE2sPy',
352 silly reify   '/home/chiwan/project/WorldAgen/worldagen.github.io/node_modules/fsevents': '/home/chiwan/project/WorldAgen/worldagen.github.io/node_modules/.fsevents-5sczQwZK',
352 silly reify   '/home/chiwan/project/WorldAgen/worldagen.github.io/node_modules/get-east-asian-width': '/home/chiwan/project/WorldAgen/worldagen.github.io/node_modules/.get-east-asian-width-9mWE6onY',
352 silly reify   '/home/chiwan/project/WorldAgen/worldagen.github.io/node_modules/github-slugger': '/home/chiwan/project/WorldAgen/worldagen.github.io/node_modules/.github-slugger-hLsKCFO2',
352 silly reify   '/home/chiwan/project/WorldAgen/worldagen.github.io/node_modules/h3': '/home/chiwan/project/WorldAgen/worldagen.github.io/node_modules/.h3-AsAFXqkO',
352 silly reify   '/home/chiwan/project/WorldAgen/worldagen.github.io/node_modules/hast-util-from-html': '/home/chiwan/project/WorldAgen/worldagen.github.io/node_modules/.hast-util-from-html-zQApzqzO',
352 silly reify   '/home/chiwan/project/WorldAgen/worldagen.github.io/node_modules/hast-util-from-parse5': '/home/chiwan/project/WorldAgen/worldagen.github.io/node_modules/.hast-util-from-parse5-4kc4wkpn',
352 silly reify   '/home/chiwan/project/WorldAgen/worldagen.github.io/node_modules/hast-util-is-element': '/home/chiwan/project/WorldAgen/worldagen.github.io/node_modules/.hast-util-is-element-jBvVj4bU',
352 silly reify   '/home/chiwan/project/WorldAgen/worldagen.github.io/node_modules/hast-util-parse-selector': '/home/chiwan/project/WorldAgen/worldagen.github.io/node_modules/.hast-util-parse-selector-G8bPOcxU',
352 silly reify   '/home/chiwan/project/WorldAgen/worldagen.github.io/node_modules/hast-util-raw': '/home/chiwan/project/WorldAgen/worldagen.github.io/node_modules/.hast-util-raw-GCak1FUV',
352 silly reify   '/home/chiwan/project/WorldAgen/worldagen.github.io/node_modules/hast-util-to-html': '/home/chiwan/project/WorldAgen/worldagen.github.io/node_modules/.hast-util-to-html-fnUBeBjc',
352 silly reify   '/home/chiwan/project/WorldAgen/worldagen.github.io/node_modules/hast-util-to-parse5': '/home/chiwan/project/WorldAgen/worldagen.github.io/node_modules/.hast-util-to-parse5-l4qrHwji',
352 silly reify   '/home/chiwan/project/WorldAgen/worldagen.github.io/node_modules/hast-util-to-text': '/home/chiwan/project/WorldAgen/worldagen.github.io/node_modules/.hast-util-to-text-60T0JsS1',
352 silly reify   '/home/chiwan/project/WorldAgen/worldagen.github.io/node_modules/hast-util-whitespace': '/home/chiwan/project/WorldAgen/worldagen.github.io/node_modules/.hast-util-whitespace-HllIjyH9',
352 silly reify   '/home/chiwan/project/WorldAgen/worldagen.github.io/node_modules/hastscript': '/home/chiwan/project/WorldAgen/worldagen.github.io/node_modules/.hastscript-EXzgH00e',
352 silly reify   '/home/chiwan/project/WorldAgen/worldagen.github.io/node_modules/html-escaper': '/home/chiwan/project/WorldAgen/worldagen.github.io/node_modules/.html-escaper-xWRuTOEt',
352 silly reify   '/home/chiwan/project/WorldAgen/worldagen.github.io/node_modules/html-void-elements': '/home/chiwan/project/WorldAgen/worldagen.github.io/node_modules/.html-void-elements-Z1cFQjao',
352 silly reify   '/home/chiwan/project/WorldAgen/worldagen.github.io/node_modules/http-cache-semantics': '/home/chiwan/project/WorldAgen/worldagen.github.io/node_modules/.http-cache-semantics-veH5YCaC',
352 silly reify   '/home/chiwan/project/WorldAgen/worldagen.github.io/node_modules/import-meta-resolve': '/home/chiwan/project/WorldAgen/worldagen.github.io/node_modules/.import-meta-resolve-mxcf2QFO',
352 silly reify   '/home/chiwan/project/WorldAgen/worldagen.github.io/node_modules/iron-webcrypto': '/home/chiwan/project/WorldAgen/worldagen.github.io/node_modules/.iron-webcrypto-Z3SspXaj',
352 silly reify   '/home/chiwan/project/WorldAgen/worldagen.github.io/node_modules/is-arrayish': '/home/chiwan/project/WorldAgen/worldagen.github.io/node_modules/.is-arrayish-1HPQrSdr',
352 silly reify   '/home/chiwan/project/WorldAgen/worldagen.github.io/node_modules/is-docker': '/home/chiwan/project/WorldAgen/worldagen.github.io/node_modules/.is-docker-9JStZtY1',
352 silly reify   '/home/chiwan/project/WorldAgen/worldagen.github.io/node_modules/is-fullwidth-code-point': '/home/chiwan/project/WorldAgen/worldagen.github.io/node_modules/.is-fullwidth-code-point-JCMRxJWD',
352 silly reify   '/home/chiwan/project/WorldAgen/worldagen.github.io/node_modules/is-inside-container': '/home/chiwan/project/WorldAgen/worldagen.github.io/node_modules/.is-inside-container-AczUGmPB',
352 silly reify   '/home/chiwan/project/WorldAgen/worldagen.github.io/node_modules/is-plain-obj': '/home/chiwan/project/WorldAgen/worldagen.github.io/node_modules/.is-plain-obj-9Abl2lkx',
352 silly reify   '/home/chiwan/project/WorldAgen/worldagen.github.io/node_modules/is-wsl': '/home/chiwan/project/WorldAgen/worldagen.github.io/node_modules/.is-wsl-IePolnrG',
352 silly reify   '/home/chiwan/project/WorldAgen/worldagen.github.io/node_modules/js-yaml': '/home/chiwan/project/WorldAgen/worldagen.github.io/node_modules/.js-yaml-laVdmvEF',
352 silly reify   '/home/chiwan/project/WorldAgen/worldagen.github.io/node_modules/kleur': '/home/chiwan/project/WorldAgen/worldagen.github.io/node_modules/.kleur-qEG1gULw',
352 silly reify   '/home/chiwan/project/WorldAgen/worldagen.github.io/node_modules/longest-streak': '/home/chiwan/project/WorldAgen/worldagen.github.io/node_modules/.longest-streak-2pdsYsTS',
352 silly reify   '/home/chiwan/project/WorldAgen/worldagen.github.io/node_modules/lru-cache': '/home/chiwan/project/WorldAgen/worldagen.github.io/node_modules/.lru-cache-AEUtr9i1',
352 silly reify   '/home/chiwan/project/WorldAgen/worldagen.github.io/node_modules/magic-string': '/home/chiwan/project/WorldAgen/worldagen.github.io/node_modules/.magic-string-3FZktWgs',
352 silly reify   '/home/chiwan/project/WorldAgen/worldagen.github.io/node_modules/magicast': '/home/chiwan/project/WorldAgen/worldagen.github.io/node_modules/.magicast-c9qR38Lx',
352 silly reify   '/home/chiwan/project/WorldAgen/worldagen.github.io/node_modules/markdown-table': '/home/chiwan/project/WorldAgen/worldagen.github.io/node_modules/.markdown-table-dV8FyPqT',
352 silly reify   '/home/chiwan/project/WorldAgen/worldagen.github.io/node_modules/mdast-util-definitions': '/home/chiwan/project/WorldAgen/worldagen.github.io/node_modules/.mdast-util-definitions-xWQGxYbv',
352 silly reify   '/home/chiwan/project/WorldAgen/worldagen.github.io/node_modules/mdast-util-find-and-replace': '/home/chiwan/project/WorldAgen/worldagen.github.io/node_modules/.mdast-util-find-and-replace-3muM1t6A',
352 silly reify   '/home/chiwan/project/WorldAgen/worldagen.github.io/node_modules/mdast-util-from-markdown': '/home/chiwan/project/WorldAgen/worldagen.github.io/node_modules/.mdast-util-from-markdown-dF2URBCr',
352 silly reify   '/home/chiwan/project/WorldAgen/worldagen.github.io/node_modules/mdast-util-gfm': '/home/chiwan/project/WorldAgen/worldagen.github.io/node_modules/.mdast-util-gfm-nURITlAt',
352 silly reify   '/home/chiwan/project/WorldAgen/worldagen.github.io/node_modules/mdast-util-gfm-autolink-literal': '/home/chiwan/project/WorldAgen/worldagen.github.io/node_modules/.mdast-util-gfm-autolink-literal-BTbdfTti',
352 silly reify   '/home/chiwan/project/WorldAgen/worldagen.github.io/node_modules/mdast-util-gfm-footnote': '/home/chiwan/project/WorldAgen/worldagen.github.io/node_modules/.mdast-util-gfm-footnote-QTjccn2H',
352 silly reify   '/home/chiwan/project/WorldAgen/worldagen.github.io/node_modules/mdast-util-gfm-strikethrough': '/home/chiwan/project/WorldAgen/worldagen.github.io/node_modules/.mdast-util-gfm-strikethrough-UcKNe5Lw',
352 silly reify   '/home/chiwan/project/WorldAgen/worldagen.github.io/node_modules/mdast-util-gfm-table': '/home/chiwan/project/WorldAgen/worldagen.github.io/node_modules/.mdast-util-gfm-table-zGr2n4WZ',
352 silly reify   '/home/chiwan/project/WorldAgen/worldagen.github.io/node_modules/mdast-util-gfm-task-list-item': '/home/chiwan/project/WorldAgen/worldagen.github.io/node_modules/.mdast-util-gfm-task-list-item-7xGyf2sh',
352 silly reify   '/home/chiwan/project/WorldAgen/worldagen.github.io/node_modules/mdast-util-phrasing': '/home/chiwan/project/WorldAgen/worldagen.github.io/node_modules/.mdast-util-phrasing-3Uix8tQ6',
352 silly reify   '/home/chiwan/project/WorldAgen/worldagen.github.io/node_modules/mdast-util-to-hast': '/home/chiwan/project/WorldAgen/worldagen.github.io/node_modules/.mdast-util-to-hast-309DY0ZL',
352 silly reify   '/home/chiwan/project/WorldAgen/worldagen.github.io/node_modules/mdast-util-to-markdown': '/home/chiwan/project/WorldAgen/worldagen.github.io/node_modules/.mdast-util-to-markdown-J4Po1YZF',
352 silly reify   '/home/chiwan/project/WorldAgen/worldagen.github.io/node_modules/mdast-util-to-string': '/home/chiwan/project/WorldAgen/worldagen.github.io/node_modules/.mdast-util-to-string-pqn91DDC',
352 silly reify   '/home/chiwan/project/WorldAgen/worldagen.github.io/node_modules/mdn-data': '/home/chiwan/project/WorldAgen/worldagen.github.io/node_modules/.mdn-data-IIEwDnGG',
352 silly reify   '/home/chiwan/project/WorldAgen/worldagen.github.io/node_modules/micromark': '/home/chiwan/project/WorldAgen/worldagen.github.io/node_modules/.micromark-FZNK8MvY',
352 silly reify   '/home/chiwan/project/WorldAgen/worldagen.github.io/node_modules/micromark-core-commonmark': '/home/chiwan/project/WorldAgen/worldagen.github.io/node_modules/.micromark-core-commonmark-Rn5VtfP2',
352 silly reify   '/home/chiwan/project/WorldAgen/worldagen.github.io/node_modules/micromark-extension-gfm': '/home/chiwan/project/WorldAgen/worldagen.github.io/node_modules/.micromark-extension-gfm-WaRxx7DA',
352 silly reify   '/home/chiwan/project/WorldAgen/worldagen.github.io/node_modules/micromark-extension-gfm-autolink-literal': '/home/chiwan/project/WorldAgen/worldagen.github.io/node_modules/.micromark-extension-gfm-autolink-literal-IBMyi5i8',
352 silly reify   '/home/chiwan/project/WorldAgen/worldagen.github.io/node_modules/micromark-extension-gfm-footnote': '/home/chiwan/project/WorldAgen/worldagen.github.io/node_modules/.micromark-extension-gfm-footnote-CpLJEzWh',
352 silly reify   '/home/chiwan/project/WorldAgen/worldagen.github.io/node_modules/micromark-extension-gfm-strikethrough': '/home/chiwan/project/WorldAgen/worldagen.github.io/node_modules/.micromark-extension-gfm-strikethrough-r8UlhFFv',
352 silly reify   '/home/chiwan/project/WorldAgen/worldagen.github.io/node_modules/micromark-extension-gfm-table': '/home/chiwan/project/WorldAgen/worldagen.github.io/node_modules/.micromark-extension-gfm-table-eYj8hTbI',
352 silly reify   '/home/chiwan/project/WorldAgen/worldagen.github.io/node_modules/micromark-extension-gfm-tagfilter': '/home/chiwan/project/WorldAgen/worldagen.github.io/node_modules/.micromark-extension-gfm-tagfilter-Vya0vMez',
352 silly reify   '/home/chiwan/project/WorldAgen/worldagen.github.io/node_modules/micromark-extension-gfm-task-list-item': '/home/chiwan/project/WorldAgen/worldagen.github.io/node_modules/.micromark-extension-gfm-task-list-item-5KPMsyM5',
352 silly reify   '/home/chiwan/project/WorldAgen/worldagen.github.io/node_modules/micromark-factory-destination': '/home/chiwan/project/WorldAgen/worldagen.github.io/node_modules/.micromark-factory-destination-Sg3UJ1RJ',
352 silly reify   '/home/chiwan/project/WorldAgen/worldagen.github.io/node_modules/micromark-factory-label': '/home/chiwan/project/WorldAgen/worldagen.github.io/node_modules/.micromark-factory-label-67gENnqe',
352 silly reify   '/home/chiwan/project/WorldAgen/worldagen.github.io/node_modules/micromark-factory-space': '/home/chiwan/project/WorldAgen/worldagen.github.io/node_modules/.micromark-factory-space-GViH4D25',
352 silly reify   '/home/chiwan/project/WorldAgen/worldagen.github.io/node_modules/micromark-factory-title': '/home/chiwan/project/WorldAgen/worldagen.github.io/node_modules/.micromark-factory-title-MVDpmdky',
352 silly reify   '/home/chiwan/project/WorldAgen/worldagen.github.io/node_modules/micromark-factory-whitespace': '/home/chiwan/project/WorldAgen/worldagen.github.io/node_modules/.micromark-factory-whitespace-noAbXZtq',
352 silly reify   '/home/chiwan/project/WorldAgen/worldagen.github.io/node_modules/micromark-util-character': '/home/chiwan/project/WorldAgen/worldagen.github.io/node_modules/.micromark-util-character-Gdmzrsb2',
352 silly reify   '/home/chiwan/project/WorldAgen/worldagen.github.io/node_modules/micromark-util-chunked': '/home/chiwan/project/WorldAgen/worldagen.github.io/node_modules/.micromark-util-chunked-lciOrWvX',
352 silly reify   '/home/chiwan/project/WorldAgen/worldagen.github.io/node_modules/micromark-util-classify-character': '/home/chiwan/project/WorldAgen/worldagen.github.io/node_modules/.micromark-util-classify-character-LXrhZh5W',
352 silly reify   '/home/chiwan/project/WorldAgen/worldagen.github.io/node_modules/micromark-util-combine-extensions': '/home/chiwan/project/WorldAgen/worldagen.github.io/node_modules/.micromark-util-combine-extensions-yIoqg3rt',
352 silly reify   '/home/chiwan/project/WorldAgen/worldagen.github.io/node_modules/micromark-util-decode-numeric-character-reference': '/home/chiwan/project/WorldAgen/worldagen.github.io/node_modules/.micromark-util-decode-numeric-character-reference-2REb25qa',
352 silly reify   '/home/chiwan/project/WorldAgen/worldagen.github.io/node_modules/micromark-util-decode-string': '/home/chiwan/project/WorldAgen/worldagen.github.io/node_modules/.micromark-util-decode-string-DTpunAnH',
352 silly reify   '/home/chiwan/project/WorldAgen/worldagen.github.io/node_modules/micromark-util-encode': '/home/chiwan/project/WorldAgen/worldagen.github.io/node_modules/.micromark-util-encode-x8xqKAZq',
352 silly reify   '/home/chiwan/project/WorldAgen/worldagen.github.io/node_modules/micromark-util-html-tag-name': '/home/chiwan/project/WorldAgen/worldagen.github.io/node_modules/.micromark-util-html-tag-name-PwV6HTcR',
352 silly reify   '/home/chiwan/project/WorldAgen/worldagen.github.io/node_modules/micromark-util-normalize-identifier': '/home/chiwan/project/WorldAgen/worldagen.github.io/node_modules/.micromark-util-normalize-identifier-QocLPTFj',
352 silly reify   '/home/chiwan/project/WorldAgen/worldagen.github.io/node_modules/micromark-util-resolve-all': '/home/chiwan/project/WorldAgen/worldagen.github.io/node_modules/.micromark-util-resolve-all-10WjG8nE',
352 silly reify   '/home/chiwan/project/WorldAgen/worldagen.github.io/node_modules/micromark-util-sanitize-uri': '/home/chiwan/project/WorldAgen/worldagen.github.io/node_modules/.micromark-util-sanitize-uri-cv7l43vn',
352 silly reify   '/home/chiwan/project/WorldAgen/worldagen.github.io/node_modules/micromark-util-subtokenize': '/home/chiwan/project/WorldAgen/worldagen.github.io/node_modules/.micromark-util-subtokenize-ZwuB5wIq',
352 silly reify   '/home/chiwan/project/WorldAgen/worldagen.github.io/node_modules/micromark-util-symbol': '/home/chiwan/project/WorldAgen/worldagen.github.io/node_modules/.micromark-util-symbol-HbNjQJoS',
352 silly reify   '/home/chiwan/project/WorldAgen/worldagen.github.io/node_modules/micromark-util-types': '/home/chiwan/project/WorldAgen/worldagen.github.io/node_modules/.micromark-util-types-TyFDzvLC',
352 silly reify   '/home/chiwan/project/WorldAgen/worldagen.github.io/node_modules/mrmime': '/home/chiwan/project/WorldAgen/worldagen.github.io/node_modules/.mrmime-IAm4Qvyb',
352 silly reify   '/home/chiwan/project/WorldAgen/worldagen.github.io/node_modules/ms': '/home/chiwan/project/WorldAgen/worldagen.github.io/node_modules/.ms-v91MSDFw',
352 silly reify   '/home/chiwan/project/WorldAgen/worldagen.github.io/node_modules/nanoid': '/home/chiwan/project/WorldAgen/worldagen.github.io/node_modules/.nanoid-qTmiwGrQ',
352 silly reify   '/home/chiwan/project/WorldAgen/worldagen.github.io/node_modules/neotraverse': '/home/chiwan/project/WorldAgen/worldagen.github.io/node_modules/.neotraverse-CtA2hINb',
352 silly reify   '/home/chiwan/project/WorldAgen/worldagen.github.io/node_modules/nlcst-to-string': '/home/chiwan/project/WorldAgen/worldagen.github.io/node_modules/.nlcst-to-string-rRmGZ2kx',
352 silly reify   '/home/chiwan/project/WorldAgen/worldagen.github.io/node_modules/node-fetch': '/home/chiwan/project/WorldAgen/worldagen.github.io/node_modules/.node-fetch-1Qzwludj',
352 silly reify   '/home/chiwan/project/WorldAgen/worldagen.github.io/node_modules/node-fetch-native': '/home/chiwan/project/WorldAgen/worldagen.github.io/node_modules/.node-fetch-native-HEy812tL',
352 silly reify   '/home/chiwan/project/WorldAgen/worldagen.github.io/node_modules/node-mock-http': '/home/chiwan/project/WorldAgen/worldagen.github.io/node_modules/.node-mock-http-bYbthTYB',
352 silly reify   '/home/chiwan/project/WorldAgen/worldagen.github.io/node_modules/normalize-path': '/home/chiwan/project/WorldAgen/worldagen.github.io/node_modules/.normalize-path-QPekcBK0',
352 silly reify   '/home/chiwan/project/WorldAgen/worldagen.github.io/node_modules/ofetch': '/home/chiwan/project/WorldAgen/worldagen.github.io/node_modules/.ofetch-GNpwwogL',
352 silly reify   '/home/chiwan/project/WorldAgen/worldagen.github.io/node_modules/ohash': '/home/chiwan/project/WorldAgen/worldagen.github.io/node_modules/.ohash-J4vZKRrW',
352 silly reify   '/home/chiwan/project/WorldAgen/worldagen.github.io/node_modules/oniguruma-parser': '/home/chiwan/project/WorldAgen/worldagen.github.io/node_modules/.oniguruma-parser-ZAsh3N1Y',
352 silly reify   '/home/chiwan/project/WorldAgen/worldagen.github.io/node_modules/oniguruma-to-es': '/home/chiwan/project/WorldAgen/worldagen.github.io/node_modules/.oniguruma-to-es-QqBM4dG4',
352 silly reify   '/home/chiwan/project/WorldAgen/worldagen.github.io/node_modules/p-limit': '/home/chiwan/project/WorldAgen/worldagen.github.io/node_modules/.p-limit-0DGDTLnu',
352 silly reify   '/home/chiwan/project/WorldAgen/worldagen.github.io/node_modules/p-queue': '/home/chiwan/project/WorldAgen/worldagen.github.io/node_modules/.p-queue-TSr8O18E',
352 silly reify   '/home/chiwan/project/WorldAgen/worldagen.github.io/node_modules/p-timeout': '/home/chiwan/project/WorldAgen/worldagen.github.io/node_modules/.p-timeout-Gmhxu99c',
352 silly reify   '/home/chiwan/project/WorldAgen/worldagen.github.io/node_modules/package-manager-detector': '/home/chiwan/project/WorldAgen/worldagen.github.io/node_modules/.package-manager-detector-Oite60BJ',
352 silly reify   '/home/chiwan/project/WorldAgen/worldagen.github.io/node_modules/pako': '/home/chiwan/project/WorldAgen/worldagen.github.io/node_modules/.pako-PBVIBYSl',
352 silly reify   '/home/chiwan/project/WorldAgen/worldagen.github.io/node_modules/parse-latin': '/home/chiwan/project/WorldAgen/worldagen.github.io/node_modules/.parse-latin-ljhUZJcn',
352 silly reify   '/home/chiwan/project/WorldAgen/worldagen.github.io/node_modules/parse5': '/home/chiwan/project/WorldAgen/worldagen.github.io/node_modules/.parse5-ElGqDiF2',
352 silly reify   '/home/chiwan/project/WorldAgen/worldagen.github.io/node_modules/picocolors': '/home/chiwan/project/WorldAgen/worldagen.github.io/node_modules/.picocolors-7NuKNpkH',
352 silly reify   '/home/chiwan/project/WorldAgen/worldagen.github.io/node_modules/picomatch': '/home/chiwan/project/WorldAgen/worldagen.github.io/node_modules/.picomatch-mgo74pL0',
352 silly reify   '/home/chiwan/project/WorldAgen/worldagen.github.io/node_modules/postcss': '/home/chiwan/project/WorldAgen/worldagen.github.io/node_modules/.postcss-aGgLJpYU',
352 silly reify   '/home/chiwan/project/WorldAgen/worldagen.github.io/node_modules/prismjs': '/home/chiwan/project/WorldAgen/worldagen.github.io/node_modules/.prismjs-N6vXQDFj',
352 silly reify   '/home/chiwan/project/WorldAgen/worldagen.github.io/node_modules/prompts': '/home/chiwan/project/WorldAgen/worldagen.github.io/node_modules/.prompts-0ubSEct7',
352 silly reify   '/home/chiwan/project/WorldAgen/worldagen.github.io/node_modules/property-information': '/home/chiwan/project/WorldAgen/worldagen.github.io/node_modules/.property-information-PN2hLzxS',
352 silly reify   '/home/chiwan/project/WorldAgen/worldagen.github.io/node_modules/radix3': '/home/chiwan/project/WorldAgen/worldagen.github.io/node_modules/.radix3-plOdiScL',
352 silly reify   '/home/chiwan/project/WorldAgen/worldagen.github.io/node_modules/readdirp': '/home/chiwan/project/WorldAgen/worldagen.github.io/node_modules/.readdirp-bbyNiplC',
352 silly reify   '/home/chiwan/project/WorldAgen/worldagen.github.io/node_modules/regex': '/home/chiwan/project/WorldAgen/worldagen.github.io/node_modules/.regex-DIdWiXuE',
352 silly reify   '/home/chiwan/project/WorldAgen/worldagen.github.io/node_modules/regex-recursion': '/home/chiwan/project/WorldAgen/worldagen.github.io/node_modules/.regex-recursion-mOOCNz1N',
352 silly reify   '/home/chiwan/project/WorldAgen/worldagen.github.io/node_modules/regex-utilities': '/home/chiwan/project/WorldAgen/worldagen.github.io/node_modules/.regex-utilities-feiYb13F',
352 silly reify   '/home/chiwan/project/WorldAgen/worldagen.github.io/node_modules/rehype': '/home/chiwan/project/WorldAgen/worldagen.github.io/node_modules/.rehype-cd3qkPDv',
352 silly reify   '/home/chiwan/project/WorldAgen/worldagen.github.io/node_modules/rehype-parse': '/home/chiwan/project/WorldAgen/worldagen.github.io/node_modules/.rehype-parse-EIwgz3nt',
352 silly reify   '/home/chiwan/project/WorldAgen/worldagen.github.io/node_modules/rehype-raw': '/home/chiwan/project/WorldAgen/worldagen.github.io/node_modules/.rehype-raw-O2eQDOtp',
352 silly reify   '/home/chiwan/project/WorldAgen/worldagen.github.io/node_modules/rehype-stringify': '/home/chiwan/project/WorldAgen/worldagen.github.io/node_modules/.rehype-stringify-6dVdVl6N',
352 silly reify   '/home/chiwan/project/WorldAgen/worldagen.github.io/node_modules/remark-gfm': '/home/chiwan/project/WorldAgen/worldagen.github.io/node_modules/.remark-gfm-52Ypg8tg',
352 silly reify   '/home/chiwan/project/WorldAgen/worldagen.github.io/node_modules/remark-parse': '/home/chiwan/project/WorldAgen/worldagen.github.io/node_modules/.remark-parse-R0VKYkHS',
352 silly reify   '/home/chiwan/project/WorldAgen/worldagen.github.io/node_modules/remark-rehype': '/home/chiwan/project/WorldAgen/worldagen.github.io/node_modules/.remark-rehype-A5f9V7uH',
352 silly reify   '/home/chiwan/project/WorldAgen/worldagen.github.io/node_modules/remark-smartypants': '/home/chiwan/project/WorldAgen/worldagen.github.io/node_modules/.remark-smartypants-wQIczYk5',
352 silly reify   '/home/chiwan/project/WorldAgen/worldagen.github.io/node_modules/remark-stringify': '/home/chiwan/project/WorldAgen/worldagen.github.io/node_modules/.remark-stringify-5a2Vb6l3',
352 silly reify   '/home/chiwan/project/WorldAgen/worldagen.github.io/node_modules/restructure': '/home/chiwan/project/WorldAgen/worldagen.github.io/node_modules/.restructure-eom1jJjp',
352 silly reify   '/home/chiwan/project/WorldAgen/worldagen.github.io/node_modules/retext': '/home/chiwan/project/WorldAgen/worldagen.github.io/node_modules/.retext-ffxGEkuI',
352 silly reify   '/home/chiwan/project/WorldAgen/worldagen.github.io/node_modules/retext-latin': '/home/chiwan/project/WorldAgen/worldagen.github.io/node_modules/.retext-latin-xIpKxGWR',
352 silly reify   '/home/chiwan/project/WorldAgen/worldagen.github.io/node_modules/retext-smartypants': '/home/chiwan/project/WorldAgen/worldagen.github.io/node_modules/.retext-smartypants-zVZrr9mI',
352 silly reify   '/home/chiwan/project/WorldAgen/worldagen.github.io/node_modules/retext-stringify': '/home/chiwan/project/WorldAgen/worldagen.github.io/node_modules/.retext-stringify-IiTkxtMJ',
352 silly reify   '/home/chiwan/project/WorldAgen/worldagen.github.io/node_modules/rollup': '/home/chiwan/project/WorldAgen/worldagen.github.io/node_modules/.rollup-rhIAnto8',
352 silly reify   '/home/chiwan/project/WorldAgen/worldagen.github.io/node_modules/semver': '/home/chiwan/project/WorldAgen/worldagen.github.io/node_modules/.semver-OaLnjuSx',
352 silly reify   '/home/chiwan/project/WorldAgen/worldagen.github.io/node_modules/sharp': '/home/chiwan/project/WorldAgen/worldagen.github.io/node_modules/.sharp-Avpe4093',
352 silly reify   '/home/chiwan/project/WorldAgen/worldagen.github.io/node_modules/shiki': '/home/chiwan/project/WorldAgen/worldagen.github.io/node_modules/.shiki-Q7piV9O4',
352 silly reify   '/home/chiwan/project/WorldAgen/worldagen.github.io/node_modules/simple-swizzle': '/home/chiwan/project/WorldAgen/worldagen.github.io/node_modules/.simple-swizzle-MW43Q769',
352 silly reify   '/home/chiwan/project/WorldAgen/worldagen.github.io/node_modules/sisteransi': '/home/chiwan/project/WorldAgen/worldagen.github.io/node_modules/.sisteransi-YMAWsPk0',
352 silly reify   '/home/chiwan/project/WorldAgen/worldagen.github.io/node_modules/smol-toml': '/home/chiwan/project/WorldAgen/worldagen.github.io/node_modules/.smol-toml-YFP9jqUf',
352 silly reify   '/home/chiwan/project/WorldAgen/worldagen.github.io/node_modules/source-map-js': '/home/chiwan/project/WorldAgen/worldagen.github.io/node_modules/.source-map-js-tCu56iKi',
352 silly reify   '/home/chiwan/project/WorldAgen/worldagen.github.io/node_modules/space-separated-tokens': '/home/chiwan/project/WorldAgen/worldagen.github.io/node_modules/.space-separated-tokens-kpYOByEF',
352 silly reify   '/home/chiwan/project/WorldAgen/worldagen.github.io/node_modules/string-width': '/home/chiwan/project/WorldAgen/worldagen.github.io/node_modules/.string-width-rhHovdwP',
352 silly reify   '/home/chiwan/project/WorldAgen/worldagen.github.io/node_modules/stringify-entities': '/home/chiwan/project/WorldAgen/worldagen.github.io/node_modules/.stringify-entities-qj2DuTd4',
352 silly reify   '/home/chiwan/project/WorldAgen/worldagen.github.io/node_modules/strip-ansi': '/home/chiwan/project/WorldAgen/worldagen.github.io/node_modules/.strip-ansi-n0c1FcO0',
352 silly reify   '/home/chiwan/project/WorldAgen/worldagen.github.io/node_modules/tiny-inflate': '/home/chiwan/project/WorldAgen/worldagen.github.io/node_modules/.tiny-inflate-xber1yWK',
352 silly reify   '/home/chiwan/project/WorldAgen/worldagen.github.io/node_modules/tinyexec': '/home/chiwan/project/WorldAgen/worldagen.github.io/node_modules/.tinyexec-f9y3v6YP',
352 silly reify   '/home/chiwan/project/WorldAgen/worldagen.github.io/node_modules/tinyglobby': '/home/chiwan/project/WorldAgen/worldagen.github.io/node_modules/.tinyglobby-ncYJXfHM',
352 silly reify   '/home/chiwan/project/WorldAgen/worldagen.github.io/node_modules/tr46': '/home/chiwan/project/WorldAgen/worldagen.github.io/node_modules/.tr46-4TYKoCvC',
352 silly reify   '/home/chiwan/project/WorldAgen/worldagen.github.io/node_modules/trim-lines': '/home/chiwan/project/WorldAgen/worldagen.github.io/node_modules/.trim-lines-OQDwekrA',
352 silly reify   '/home/chiwan/project/WorldAgen/worldagen.github.io/node_modules/trough': '/home/chiwan/project/WorldAgen/worldagen.github.io/node_modules/.trough-crCxPkM4',
352 silly reify   '/home/chiwan/project/WorldAgen/worldagen.github.io/node_modules/tsconfck': '/home/chiwan/project/WorldAgen/worldagen.github.io/node_modules/.tsconfck-kIsZOe6n',
352 silly reify   '/home/chiwan/project/WorldAgen/worldagen.github.io/node_modules/tslib': '/home/chiwan/project/WorldAgen/worldagen.github.io/node_modules/.tslib-E3Hg0UHL',
352 silly reify   '/home/chiwan/project/WorldAgen/worldagen.github.io/node_modules/type-fest': '/home/chiwan/project/WorldAgen/worldagen.github.io/node_modules/.type-fest-MqGpyXPr',
352 silly reify   '/home/chiwan/project/WorldAgen/worldagen.github.io/node_modules/typescript': '/home/chiwan/project/WorldAgen/worldagen.github.io/node_modules/.typescript-851iSEfz',
352 silly reify   '/home/chiwan/project/WorldAgen/worldagen.github.io/node_modules/ufo': '/home/chiwan/project/WorldAgen/worldagen.github.io/node_modules/.ufo-QqRHPR1q',
352 silly reify   '/home/chiwan/project/WorldAgen/worldagen.github.io/node_modules/ultrahtml': '/home/chiwan/project/WorldAgen/worldagen.github.io/node_modules/.ultrahtml-HFuQ9ow3',
352 silly reify   '/home/chiwan/project/WorldAgen/worldagen.github.io/node_modules/uncrypto': '/home/chiwan/project/WorldAgen/worldagen.github.io/node_modules/.uncrypto-xFqJtC5C',
352 silly reify   '/home/chiwan/project/WorldAgen/worldagen.github.io/node_modules/unicode-properties': '/home/chiwan/project/WorldAgen/worldagen.github.io/node_modules/.unicode-properties-KreXRnlv',
352 silly reify   '/home/chiwan/project/WorldAgen/worldagen.github.io/node_modules/unicode-trie': '/home/chiwan/project/WorldAgen/worldagen.github.io/node_modules/.unicode-trie-KVhTTuya',
352 silly reify   '/home/chiwan/project/WorldAgen/worldagen.github.io/node_modules/unified': '/home/chiwan/project/WorldAgen/worldagen.github.io/node_modules/.unified-pfQVFWhT',
352 silly reify   '/home/chiwan/project/WorldAgen/worldagen.github.io/node_modules/unifont': '/home/chiwan/project/WorldAgen/worldagen.github.io/node_modules/.unifont-PuyFo9XL',
352 silly reify   '/home/chiwan/project/WorldAgen/worldagen.github.io/node_modules/unist-util-find-after': '/home/chiwan/project/WorldAgen/worldagen.github.io/node_modules/.unist-util-find-after-joA2xymX',
352 silly reify   '/home/chiwan/project/WorldAgen/worldagen.github.io/node_modules/unist-util-is': '/home/chiwan/project/WorldAgen/worldagen.github.io/node_modules/.unist-util-is-LAdhkqrV',
352 silly reify   '/home/chiwan/project/WorldAgen/worldagen.github.io/node_modules/unist-util-modify-children': '/home/chiwan/project/WorldAgen/worldagen.github.io/node_modules/.unist-util-modify-children-CgGq9EB6',
352 silly reify   '/home/chiwan/project/WorldAgen/worldagen.github.io/node_modules/unist-util-position': '/home/chiwan/project/WorldAgen/worldagen.github.io/node_modules/.unist-util-position-is8OcucC',
352 silly reify   '/home/chiwan/project/WorldAgen/worldagen.github.io/node_modules/unist-util-remove-position': '/home/chiwan/project/WorldAgen/worldagen.github.io/node_modules/.unist-util-remove-position-OnWCGUEJ',
352 silly reify   '/home/chiwan/project/WorldAgen/worldagen.github.io/node_modules/unist-util-stringify-position': '/home/chiwan/project/WorldAgen/worldagen.github.io/node_modules/.unist-util-stringify-position-7mn4na70',
352 silly reify   '/home/chiwan/project/WorldAgen/worldagen.github.io/node_modules/unist-util-visit': '/home/chiwan/project/WorldAgen/worldagen.github.io/node_modules/.unist-util-visit-lSGgmmTz',
352 silly reify   '/home/chiwan/project/WorldAgen/worldagen.github.io/node_modules/unist-util-visit-children': '/home/chiwan/project/WorldAgen/worldagen.github.io/node_modules/.unist-util-visit-children-8HVcYMYU',
352 silly reify   '/home/chiwan/project/WorldAgen/worldagen.github.io/node_modules/unist-util-visit-parents': '/home/chiwan/project/WorldAgen/worldagen.github.io/node_modules/.unist-util-visit-parents-uM0DaxmD',
352 silly reify   '/home/chiwan/project/WorldAgen/worldagen.github.io/node_modules/unstorage': '/home/chiwan/project/WorldAgen/worldagen.github.io/node_modules/.unstorage-vBdIlmEU',
352 silly reify   '/home/chiwan/project/WorldAgen/worldagen.github.io/node_modules/vfile': '/home/chiwan/project/WorldAgen/worldagen.github.io/node_modules/.vfile-txsdFxxQ',
352 silly reify   '/home/chiwan/project/WorldAgen/worldagen.github.io/node_modules/vfile-location': '/home/chiwan/project/WorldAgen/worldagen.github.io/node_modules/.vfile-location-xW2uoiUc',
352 silly reify   '/home/chiwan/project/WorldAgen/worldagen.github.io/node_modules/vfile-message': '/home/chiwan/project/WorldAgen/worldagen.github.io/node_modules/.vfile-message-8VPFxC8W',
352 silly reify   '/home/chiwan/project/WorldAgen/worldagen.github.io/node_modules/vite': '/home/chiwan/project/WorldAgen/worldagen.github.io/node_modules/.vite-ILlql6nB',
352 silly reify   '/home/chiwan/project/WorldAgen/worldagen.github.io/node_modules/vitefu': '/home/chiwan/project/WorldAgen/worldagen.github.io/node_modules/.vitefu-gIAmAWpK',
352 silly reify   '/home/chiwan/project/WorldAgen/worldagen.github.io/node_modules/web-namespaces': '/home/chiwan/project/WorldAgen/worldagen.github.io/node_modules/.web-namespaces-LOPeLRYD',
352 silly reify   '/home/chiwan/project/WorldAgen/worldagen.github.io/node_modules/webidl-conversions': '/home/chiwan/project/WorldAgen/worldagen.github.io/node_modules/.webidl-conversions-yC4x91dt',
352 silly reify   '/home/chiwan/project/WorldAgen/worldagen.github.io/node_modules/whatwg-url': '/home/chiwan/project/WorldAgen/worldagen.github.io/node_modules/.whatwg-url-LoEZS9cw',
352 silly reify   '/home/chiwan/project/WorldAgen/worldagen.github.io/node_modules/which-pm-runs': '/home/chiwan/project/WorldAgen/worldagen.github.io/node_modules/.which-pm-runs-1wmZHoFJ',
352 silly reify   '/home/chiwan/project/WorldAgen/worldagen.github.io/node_modules/widest-line': '/home/chiwan/project/WorldAgen/worldagen.github.io/node_modules/.widest-line-WKwCNDjJ',
352 silly reify   '/home/chiwan/project/WorldAgen/worldagen.github.io/node_modules/wrap-ansi': '/home/chiwan/project/WorldAgen/worldagen.github.io/node_modules/.wrap-ansi-tQqsmtsk',
352 silly reify   '/home/chiwan/project/WorldAgen/worldagen.github.io/node_modules/xxhash-wasm': '/home/chiwan/project/WorldAgen/worldagen.github.io/node_modules/.xxhash-wasm-fZM0YyBv',
352 silly reify   '/home/chiwan/project/WorldAgen/worldagen.github.io/node_modules/yargs-parser': '/home/chiwan/project/WorldAgen/worldagen.github.io/node_modules/.yargs-parser-Qc8ygdzP',
352 silly reify   '/home/chiwan/project/WorldAgen/worldagen.github.io/node_modules/yocto-queue': '/home/chiwan/project/WorldAgen/worldagen.github.io/node_modules/.yocto-queue-ESJMFKA7',
352 silly reify   '/home/chiwan/project/WorldAgen/worldagen.github.io/node_modules/yocto-spinner': '/home/chiwan/project/WorldAgen/worldagen.github.io/node_modules/.yocto-spinner-HHJ8GZin',
352 silly reify   '/home/chiwan/project/WorldAgen/worldagen.github.io/node_modules/yoctocolors': '/home/chiwan/project/WorldAgen/worldagen.github.io/node_modules/.yoctocolors-CYt1cFzv',
352 silly reify   '/home/chiwan/project/WorldAgen/worldagen.github.io/node_modules/zod': '/home/chiwan/project/WorldAgen/worldagen.github.io/node_modules/.zod-liEuQ2cv',
352 silly reify   '/home/chiwan/project/WorldAgen/worldagen.github.io/node_modules/zod-to-json-schema': '/home/chiwan/project/WorldAgen/worldagen.github.io/node_modules/.zod-to-json-schema-5Ph07syF',
352 silly reify   '/home/chiwan/project/WorldAgen/worldagen.github.io/node_modules/zod-to-ts': '/home/chiwan/project/WorldAgen/worldagen.github.io/node_modules/.zod-to-ts-RWRczhJ6',
352 silly reify   '/home/chiwan/project/WorldAgen/worldagen.github.io/node_modules/zwitch': '/home/chiwan/project/WorldAgen/worldagen.github.io/node_modules/.zwitch-qZUfhBHl',
352 silly reify   '/home/chiwan/project/WorldAgen/worldagen.github.io/node_modules/@babel/helper-string-parser': '/home/chiwan/project/WorldAgen/worldagen.github.io/node_modules/@babel/.helper-string-parser-jQVfqfxW',
352 silly reify   '/home/chiwan/project/WorldAgen/worldagen.github.io/node_modules/@babel/helper-validator-identifier': '/home/chiwan/project/WorldAgen/worldagen.github.io/node_modules/@babel/.helper-validator-identifier-T4xpsmoB',
352 silly reify   '/home/chiwan/project/WorldAgen/worldagen.github.io/node_modules/@babel/parser': '/home/chiwan/project/WorldAgen/worldagen.github.io/node_modules/@babel/.parser-ki5sv6d1',
352 silly reify   '/home/chiwan/project/WorldAgen/worldagen.github.io/node_modules/@babel/types': '/home/chiwan/project/WorldAgen/worldagen.github.io/node_modules/@babel/.types-1b0kqMGf',
352 silly reify   '/home/chiwan/project/WorldAgen/worldagen.github.io/node_modules/@astrojs/compiler': '/home/chiwan/project/WorldAgen/worldagen.github.io/node_modules/@astrojs/.compiler-wHYJrijr',
352 silly reify   '/home/chiwan/project/WorldAgen/worldagen.github.io/node_modules/@astrojs/internal-helpers': '/home/chiwan/project/WorldAgen/worldagen.github.io/node_modules/@astrojs/.internal-helpers-qNuZyKNI',
352 silly reify   '/home/chiwan/project/WorldAgen/worldagen.github.io/node_modules/@astrojs/markdown-remark': '/home/chiwan/project/WorldAgen/worldagen.github.io/node_modules/@astrojs/.markdown-remark-ZEK9VHOg',
352 silly reify   '/home/chiwan/project/WorldAgen/worldagen.github.io/node_modules/@astrojs/prism': '/home/chiwan/project/WorldAgen/worldagen.github.io/node_modules/@astrojs/.prism-hkZhiBQQ',
352 silly reify   '/home/chiwan/project/WorldAgen/worldagen.github.io/node_modules/@astrojs/telemetry': '/home/chiwan/project/WorldAgen/worldagen.github.io/node_modules/@astrojs/.telemetry-Elyf2Bgk',
352 silly reify   '/home/chiwan/project/WorldAgen/worldagen.github.io/node_modules/@capsizecss/unpack': '/home/chiwan/project/WorldAgen/worldagen.github.io/node_modules/@capsizecss/.unpack-6FiBbLcL',
352 silly reify   '/home/chiwan/project/WorldAgen/worldagen.github.io/node_modules/@esbuild/aix-ppc64': '/home/chiwan/project/WorldAgen/worldagen.github.io/node_modules/@esbuild/.aix-ppc64-6yIOY3Ji',
352 silly reify   '/home/chiwan/project/WorldAgen/worldagen.github.io/node_modules/@esbuild/android-arm': '/home/chiwan/project/WorldAgen/worldagen.github.io/node_modules/@esbuild/.android-arm-1SuMwXo7',
352 silly reify   '/home/chiwan/project/WorldAgen/worldagen.github.io/node_modules/@esbuild/android-arm64': '/home/chiwan/project/WorldAgen/worldagen.github.io/node_modules/@esbuild/.android-arm64-rm8RX4Fe',
352 silly reify   '/home/chiwan/project/WorldAgen/worldagen.github.io/node_modules/@esbuild/android-x64': '/home/chiwan/project/WorldAgen/worldagen.github.io/node_modules/@esbuild/.android-x64-xSJChebf',
352 silly reify   '/home/chiwan/project/WorldAgen/worldagen.github.io/node_modules/@esbuild/darwin-arm64': '/home/chiwan/project/WorldAgen/worldagen.github.io/node_modules/@esbuild/.darwin-arm64-WgxxcUCw',
352 silly reify   '/home/chiwan/project/WorldAgen/worldagen.github.io/node_modules/@esbuild/darwin-x64': '/home/chiwan/project/WorldAgen/worldagen.github.io/node_modules/@esbuild/.darwin-x64-kV9IXT7q',
352 silly reify   '/home/chiwan/project/WorldAgen/worldagen.github.io/node_modules/@esbuild/freebsd-arm64': '/home/chiwan/project/WorldAgen/worldagen.github.io/node_modules/@esbuild/.freebsd-arm64-a4MkyYFK',
352 silly reify   '/home/chiwan/project/WorldAgen/worldagen.github.io/node_modules/@esbuild/freebsd-x64': '/home/chiwan/project/WorldAgen/worldagen.github.io/node_modules/@esbuild/.freebsd-x64-Hnh841Si',
352 silly reify   '/home/chiwan/project/WorldAgen/worldagen.github.io/node_modules/@esbuild/linux-arm': '/home/chiwan/project/WorldAgen/worldagen.github.io/node_modules/@esbuild/.linux-arm-k16GZuf8',
352 silly reify   '/home/chiwan/project/WorldAgen/worldagen.github.io/node_modules/@esbuild/linux-arm64': '/home/chiwan/project/WorldAgen/worldagen.github.io/node_modules/@esbuild/.linux-arm64-gPgP7fzr',
352 silly reify   '/home/chiwan/project/WorldAgen/worldagen.github.io/node_modules/@esbuild/linux-ia32': '/home/chiwan/project/WorldAgen/worldagen.github.io/node_modules/@esbuild/.linux-ia32-9zNinlSJ',
352 silly reify   '/home/chiwan/project/WorldAgen/worldagen.github.io/node_modules/@esbuild/linux-loong64': '/home/chiwan/project/WorldAgen/worldagen.github.io/node_modules/@esbuild/.linux-loong64-U6IMHpJA',
352 silly reify   '/home/chiwan/project/WorldAgen/worldagen.github.io/node_modules/@esbuild/linux-mips64el': '/home/chiwan/project/WorldAgen/worldagen.github.io/node_modules/@esbuild/.linux-mips64el-6MYoA7Xq',
352 silly reify   '/home/chiwan/project/WorldAgen/worldagen.github.io/node_modules/@esbuild/linux-ppc64': '/home/chiwan/project/WorldAgen/worldagen.github.io/node_modules/@esbuild/.linux-ppc64-wIWHA8gS',
352 silly reify   '/home/chiwan/project/WorldAgen/worldagen.github.io/node_modules/@esbuild/linux-riscv64': '/home/chiwan/project/WorldAgen/worldagen.github.io/node_modules/@esbuild/.linux-riscv64-H0U9ADZ5',
352 silly reify   '/home/chiwan/project/WorldAgen/worldagen.github.io/node_modules/@esbuild/linux-s390x': '/home/chiwan/project/WorldAgen/worldagen.github.io/node_modules/@esbuild/.linux-s390x-7qxrFzlK',
352 silly reify   '/home/chiwan/project/WorldAgen/worldagen.github.io/node_modules/@esbuild/linux-x64': '/home/chiwan/project/WorldAgen/worldagen.github.io/node_modules/@esbuild/.linux-x64-zjr11hRi',
352 silly reify   '/home/chiwan/project/WorldAgen/worldagen.github.io/node_modules/@esbuild/netbsd-arm64': '/home/chiwan/project/WorldAgen/worldagen.github.io/node_modules/@esbuild/.netbsd-arm64-puPscm9k',
352 silly reify   '/home/chiwan/project/WorldAgen/worldagen.github.io/node_modules/@esbuild/netbsd-x64': '/home/chiwan/project/WorldAgen/worldagen.github.io/node_modules/@esbuild/.netbsd-x64-81d66eQ6',
352 silly reify   '/home/chiwan/project/WorldAgen/worldagen.github.io/node_modules/@esbuild/openbsd-arm64': '/home/chiwan/project/WorldAgen/worldagen.github.io/node_modules/@esbuild/.openbsd-arm64-hDkjJANs',
352 silly reify   '/home/chiwan/project/WorldAgen/worldagen.github.io/node_modules/@esbuild/openbsd-x64': '/home/chiwan/project/WorldAgen/worldagen.github.io/node_modules/@esbuild/.openbsd-x64-i5R36Hp6',
352 silly reify   '/home/chiwan/project/WorldAgen/worldagen.github.io/node_modules/@esbuild/sunos-x64': '/home/chiwan/project/WorldAgen/worldagen.github.io/node_modules/@esbuild/.sunos-x64-5FZRedtE',
352 silly reify   '/home/chiwan/project/WorldAgen/worldagen.github.io/node_modules/@esbuild/win32-arm64': '/home/chiwan/project/WorldAgen/worldagen.github.io/node_modules/@esbuild/.win32-arm64-fSlk3AyW',
352 silly reify   '/home/chiwan/project/WorldAgen/worldagen.github.io/node_modules/@esbuild/win32-ia32': '/home/chiwan/project/WorldAgen/worldagen.github.io/node_modules/@esbuild/.win32-ia32-kJKN3DOh',
352 silly reify   '/home/chiwan/project/WorldAgen/worldagen.github.io/node_modules/@esbuild/win32-x64': '/home/chiwan/project/WorldAgen/worldagen.github.io/node_modules/@esbuild/.win32-x64-8oYCUigh',
352 silly reify   '/home/chiwan/project/WorldAgen/worldagen.github.io/node_modules/@emnapi/runtime': '/home/chiwan/project/WorldAgen/worldagen.github.io/node_modules/@emnapi/.runtime-YqKSq1fs',
352 silly reify   '/home/chiwan/project/WorldAgen/worldagen.github.io/node_modules/@img/sharp-darwin-arm64': '/home/chiwan/project/WorldAgen/worldagen.github.io/node_modules/@img/.sharp-darwin-arm64-MP4jfWhD',
352 silly reify   '/home/chiwan/project/WorldAgen/worldagen.github.io/node_modules/@img/sharp-darwin-x64': '/home/chiwan/project/WorldAgen/worldagen.github.io/node_modules/@img/.sharp-darwin-x64-5EQiw3SK',
352 silly reify   '/home/chiwan/project/WorldAgen/worldagen.github.io/node_modules/@img/sharp-libvips-darwin-arm64': '/home/chiwan/project/WorldAgen/worldagen.github.io/node_modules/@img/.sharp-libvips-darwin-arm64-pFu65Ahd',
352 silly reify   '/home/chiwan/project/WorldAgen/worldagen.github.io/node_modules/@img/sharp-libvips-darwin-x64': '/home/chiwan/project/WorldAgen/worldagen.github.io/node_modules/@img/.sharp-libvips-darwin-x64-23USygSp',
352 silly reify   '/home/chiwan/project/WorldAgen/worldagen.github.io/node_modules/@img/sharp-libvips-linux-arm': '/home/chiwan/project/WorldAgen/worldagen.github.io/node_modules/@img/.sharp-libvips-linux-arm-HhHLFzoN',
352 silly reify   '/home/chiwan/project/WorldAgen/worldagen.github.io/node_modules/@img/sharp-libvips-linux-arm64': '/home/chiwan/project/WorldAgen/worldagen.github.io/node_modules/@img/.sharp-libvips-linux-arm64-IFgZHd7l',
352 silly reify   '/home/chiwan/project/WorldAgen/worldagen.github.io/node_modules/@img/sharp-libvips-linux-s390x': '/home/chiwan/project/WorldAgen/worldagen.github.io/node_modules/@img/.sharp-libvips-linux-s390x-eaCu4bGn',
352 silly reify   '/home/chiwan/project/WorldAgen/worldagen.github.io/node_modules/@img/sharp-libvips-linux-x64': '/home/chiwan/project/WorldAgen/worldagen.github.io/node_modules/@img/.sharp-libvips-linux-x64-Xo9Owq1j',
352 silly reify   '/home/chiwan/project/WorldAgen/worldagen.github.io/node_modules/@img/sharp-libvips-linuxmusl-arm64': '/home/chiwan/project/WorldAgen/worldagen.github.io/node_modules/@img/.sharp-libvips-linuxmusl-arm64-IoObw801',
352 silly reify   '/home/chiwan/project/WorldAgen/worldagen.github.io/node_modules/@img/sharp-libvips-linuxmusl-x64': '/home/chiwan/project/WorldAgen/worldagen.github.io/node_modules/@img/.sharp-libvips-linuxmusl-x64-GKQ1rWdY',
352 silly reify   '/home/chiwan/project/WorldAgen/worldagen.github.io/node_modules/@img/sharp-linux-arm': '/home/chiwan/project/WorldAgen/worldagen.github.io/node_modules/@img/.sharp-linux-arm-hFmbMl9T',
352 silly reify   '/home/chiwan/project/WorldAgen/worldagen.github.io/node_modules/@img/sharp-linux-arm64': '/home/chiwan/project/WorldAgen/worldagen.github.io/node_modules/@img/.sharp-linux-arm64-ZiNNk17F',
352 silly reify   '/home/chiwan/project/WorldAgen/worldagen.github.io/node_modules/@img/sharp-linux-s390x': '/home/chiwan/project/WorldAgen/worldagen.github.io/node_modules/@img/.sharp-linux-s390x-F14oMCxS',
352 silly reify   '/home/chiwan/project/WorldAgen/worldagen.github.io/node_modules/@img/sharp-linux-x64': '/home/chiwan/project/WorldAgen/worldagen.github.io/node_modules/@img/.sharp-linux-x64-Nl9pI8Yu',
352 silly reify   '/home/chiwan/project/WorldAgen/worldagen.github.io/node_modules/@img/sharp-linuxmusl-arm64': '/home/chiwan/project/WorldAgen/worldagen.github.io/node_modules/@img/.sharp-linuxmusl-arm64-IePJYlOC',
352 silly reify   '/home/chiwan/project/WorldAgen/worldagen.github.io/node_modules/@img/sharp-linuxmusl-x64': '/home/chiwan/project/WorldAgen/worldagen.github.io/node_modules/@img/.sharp-linuxmusl-x64-Eixr1jSz',
352 silly reify   '/home/chiwan/project/WorldAgen/worldagen.github.io/node_modules/@img/sharp-wasm32': '/home/chiwan/project/WorldAgen/worldagen.github.io/node_modules/@img/.sharp-wasm32-OjaulbxZ',
352 silly reify   '/home/chiwan/project/WorldAgen/worldagen.github.io/node_modules/@img/sharp-win32-ia32': '/home/chiwan/project/WorldAgen/worldagen.github.io/node_modules/@img/.sharp-win32-ia32-qfZo0TsQ',
352 silly reify   '/home/chiwan/project/WorldAgen/worldagen.github.io/node_modules/@img/sharp-win32-x64': '/home/chiwan/project/WorldAgen/worldagen.github.io/node_modules/@img/.sharp-win32-x64-fIVekZlt',
352 silly reify   '/home/chiwan/project/WorldAgen/worldagen.github.io/node_modules/@jridgewell/sourcemap-codec': '/home/chiwan/project/WorldAgen/worldagen.github.io/node_modules/@jridgewell/.sourcemap-codec-D1AUW93L',
352 silly reify   '/home/chiwan/project/WorldAgen/worldagen.github.io/node_modules/@oslojs/encoding': '/home/chiwan/project/WorldAgen/worldagen.github.io/node_modules/@oslojs/.encoding-Uro5Cj57',
352 silly reify   '/home/chiwan/project/WorldAgen/worldagen.github.io/node_modules/@rollup/pluginutils': '/home/chiwan/project/WorldAgen/worldagen.github.io/node_modules/@rollup/.pluginutils-W5rBKNB6',
352 silly reify   '/home/chiwan/project/WorldAgen/worldagen.github.io/node_modules/@rollup/rollup-android-arm-eabi': '/home/chiwan/project/WorldAgen/worldagen.github.io/node_modules/@rollup/.rollup-android-arm-eabi-wmyCVd5f',
352 silly reify   '/home/chiwan/project/WorldAgen/worldagen.github.io/node_modules/@rollup/rollup-android-arm64': '/home/chiwan/project/WorldAgen/worldagen.github.io/node_modules/@rollup/.rollup-android-arm64-zKQVCuDS',
352 silly reify   '/home/chiwan/project/WorldAgen/worldagen.github.io/node_modules/@rollup/rollup-darwin-arm64': '/home/chiwan/project/WorldAgen/worldagen.github.io/node_modules/@rollup/.rollup-darwin-arm64-YSWzJW8m',
352 silly reify   '/home/chiwan/project/WorldAgen/worldagen.github.io/node_modules/@rollup/rollup-darwin-x64': '/home/chiwan/project/WorldAgen/worldagen.github.io/node_modules/@rollup/.rollup-darwin-x64-Boqe0evy',
352 silly reify   '/home/chiwan/project/WorldAgen/worldagen.github.io/node_modules/@rollup/rollup-freebsd-arm64': '/home/chiwan/project/WorldAgen/worldagen.github.io/node_modules/@rollup/.rollup-freebsd-arm64-RzolRBZ1',
352 silly reify   '/home/chiwan/project/WorldAgen/worldagen.github.io/node_modules/@rollup/rollup-freebsd-x64': '/home/chiwan/project/WorldAgen/worldagen.github.io/node_modules/@rollup/.rollup-freebsd-x64-5XyWnmF1',
352 silly reify   '/home/chiwan/project/WorldAgen/worldagen.github.io/node_modules/@rollup/rollup-linux-arm-gnueabihf': '/home/chiwan/project/WorldAgen/worldagen.github.io/node_modules/@rollup/.rollup-linux-arm-gnueabihf-HXFz0qmW',
352 silly reify   '/home/chiwan/project/WorldAgen/worldagen.github.io/node_modules/@rollup/rollup-linux-arm-musleabihf': '/home/chiwan/project/WorldAgen/worldagen.github.io/node_modules/@rollup/.rollup-linux-arm-musleabihf-JVX1LzVy',
352 silly reify   '/home/chiwan/project/WorldAgen/worldagen.github.io/node_modules/@rollup/rollup-linux-arm64-gnu': '/home/chiwan/project/WorldAgen/worldagen.github.io/node_modules/@rollup/.rollup-linux-arm64-gnu-zOTWNkMk',
352 silly reify   '/home/chiwan/project/WorldAgen/worldagen.github.io/node_modules/@rollup/rollup-linux-arm64-musl': '/home/chiwan/project/WorldAgen/worldagen.github.io/node_modules/@rollup/.rollup-linux-arm64-musl-tt3OqoSx',
352 silly reify   '/home/chiwan/project/WorldAgen/worldagen.github.io/node_modules/@rollup/rollup-linux-loongarch64-gnu': '/home/chiwan/project/WorldAgen/worldagen.github.io/node_modules/@rollup/.rollup-linux-loongarch64-gnu-7Droq9Uc',
352 silly reify   '/home/chiwan/project/WorldAgen/worldagen.github.io/node_modules/@rollup/rollup-linux-powerpc64le-gnu': '/home/chiwan/project/WorldAgen/worldagen.github.io/node_modules/@rollup/.rollup-linux-powerpc64le-gnu-k8geYk7f',
352 silly reify   '/home/chiwan/project/WorldAgen/worldagen.github.io/node_modules/@rollup/rollup-linux-riscv64-gnu': '/home/chiwan/project/WorldAgen/worldagen.github.io/node_modules/@rollup/.rollup-linux-riscv64-gnu-lPSmkIx1',
352 silly reify   '/home/chiwan/project/WorldAgen/worldagen.github.io/node_modules/@rollup/rollup-linux-riscv64-musl': '/home/chiwan/project/WorldAgen/worldagen.github.io/node_modules/@rollup/.rollup-linux-riscv64-musl-0OZrCyX5',
352 silly reify   '/home/chiwan/project/WorldAgen/worldagen.github.io/node_modules/@rollup/rollup-linux-s390x-gnu': '/home/chiwan/project/WorldAgen/worldagen.github.io/node_modules/@rollup/.rollup-linux-s390x-gnu-a6WY5qwu',
352 silly reify   '/home/chiwan/project/WorldAgen/worldagen.github.io/node_modules/@rollup/rollup-linux-x64-gnu': '/home/chiwan/project/WorldAgen/worldagen.github.io/node_modules/@rollup/.rollup-linux-x64-gnu-Fn6zIiY5',
352 silly reify   '/home/chiwan/project/WorldAgen/worldagen.github.io/node_modules/@rollup/rollup-linux-x64-musl': '/home/chiwan/project/WorldAgen/worldagen.github.io/node_modules/@rollup/.rollup-linux-x64-musl-DBA7txD4',
352 silly reify   '/home/chiwan/project/WorldAgen/worldagen.github.io/node_modules/@rollup/rollup-win32-arm64-msvc': '/home/chiwan/project/WorldAgen/worldagen.github.io/node_modules/@rollup/.rollup-win32-arm64-msvc-5bo1btpI',
352 silly reify   '/home/chiwan/project/WorldAgen/worldagen.github.io/node_modules/@rollup/rollup-win32-ia32-msvc': '/home/chiwan/project/WorldAgen/worldagen.github.io/node_modules/@rollup/.rollup-win32-ia32-msvc-mknyJlXk',
352 silly reify   '/home/chiwan/project/WorldAgen/worldagen.github.io/node_modules/@rollup/rollup-win32-x64-msvc': '/home/chiwan/project/WorldAgen/worldagen.github.io/node_modules/@rollup/.rollup-win32-x64-msvc-9YCUCcM4',
352 silly reify   '/home/chiwan/project/WorldAgen/worldagen.github.io/node_modules/@shikijs/core': '/home/chiwan/project/WorldAgen/worldagen.github.io/node_modules/@shikijs/.core-peu6FsdL',
352 silly reify   '/home/chiwan/project/WorldAgen/worldagen.github.io/node_modules/@shikijs/engine-javascript': '/home/chiwan/project/WorldAgen/worldagen.github.io/node_modules/@shikijs/.engine-javascript-2hyU3eNl',
352 silly reify   '/home/chiwan/project/WorldAgen/worldagen.github.io/node_modules/@shikijs/engine-oniguruma': '/home/chiwan/project/WorldAgen/worldagen.github.io/node_modules/@shikijs/.engine-oniguruma-4VDFZjhB',
352 silly reify   '/home/chiwan/project/WorldAgen/worldagen.github.io/node_modules/@shikijs/langs': '/home/chiwan/project/WorldAgen/worldagen.github.io/node_modules/@shikijs/.langs-QhoO3U4H',
352 silly reify   '/home/chiwan/project/WorldAgen/worldagen.github.io/node_modules/@shikijs/themes': '/home/chiwan/project/WorldAgen/worldagen.github.io/node_modules/@shikijs/.themes-QEGW1ufS',
352 silly reify   '/home/chiwan/project/WorldAgen/worldagen.github.io/node_modules/@shikijs/types': '/home/chiwan/project/WorldAgen/worldagen.github.io/node_modules/@shikijs/.types-gd2jgKfD',
352 silly reify   '/home/chiwan/project/WorldAgen/worldagen.github.io/node_modules/@shikijs/vscode-textmate': '/home/chiwan/project/WorldAgen/worldagen.github.io/node_modules/@shikijs/.vscode-textmate-B61PazXx',
352 silly reify   '/home/chiwan/project/WorldAgen/worldagen.github.io/node_modules/@types/debug': '/home/chiwan/project/WorldAgen/worldagen.github.io/node_modules/@types/.debug-5JbNuoXI',
352 silly reify   '/home/chiwan/project/WorldAgen/worldagen.github.io/node_modules/@types/estree': '/home/chiwan/project/WorldAgen/worldagen.github.io/node_modules/@types/.estree-4nWNmUpt',
352 silly reify   '/home/chiwan/project/WorldAgen/worldagen.github.io/node_modules/@types/hast': '/home/chiwan/project/WorldAgen/worldagen.github.io/node_modules/@types/.hast-lgGvTktl',
352 silly reify   '/home/chiwan/project/WorldAgen/worldagen.github.io/node_modules/@types/mdast': '/home/chiwan/project/WorldAgen/worldagen.github.io/node_modules/@types/.mdast-XuXgdDj2',
352 silly reify   '/home/chiwan/project/WorldAgen/worldagen.github.io/node_modules/@types/ms': '/home/chiwan/project/WorldAgen/worldagen.github.io/node_modules/@types/.ms-2XgFoF5y',
352 silly reify   '/home/chiwan/project/WorldAgen/worldagen.github.io/node_modules/@types/nlcst': '/home/chiwan/project/WorldAgen/worldagen.github.io/node_modules/@types/.nlcst-OWHSu1Hz',
352 silly reify   '/home/chiwan/project/WorldAgen/worldagen.github.io/node_modules/@types/unist': '/home/chiwan/project/WorldAgen/worldagen.github.io/node_modules/@types/.unist-aO63Tqbt',
352 silly reify   '/home/chiwan/project/WorldAgen/worldagen.github.io/node_modules/@swc/helpers': '/home/chiwan/project/WorldAgen/worldagen.github.io/node_modules/@swc/.helpers-ZcDgg9tY',
352 silly reify   '/home/chiwan/project/WorldAgen/worldagen.github.io/node_modules/@ungap/structured-clone': '/home/chiwan/project/WorldAgen/worldagen.github.io/node_modules/@ungap/.structured-clone-nC1w8pei'
352 silly reify }
353 silly audit bulk request {
353 silly audit   '@astrojs/compiler': [ '2.11.0' ],
353 silly audit   '@astrojs/internal-helpers': [ '0.6.1' ],
353 silly audit   '@astrojs/markdown-remark': [ '6.3.1' ],
353 silly audit   '@astrojs/prism': [ '3.2.0' ],
353 silly audit   '@astrojs/telemetry': [ '3.2.0' ],
353 silly audit   '@babel/helper-string-parser': [ '7.25.9' ],
353 silly audit   '@babel/helper-validator-identifier': [ '7.25.9' ],
353 silly audit   '@babel/parser': [ '7.27.0' ],
353 silly audit   '@babel/types': [ '7.27.0' ],
353 silly audit   '@capsizecss/unpack': [ '2.4.0' ],
353 silly audit   '@emnapi/runtime': [ '1.4.3' ],
353 silly audit   '@esbuild/aix-ppc64': [ '0.25.2' ],
353 silly audit   '@esbuild/android-arm': [ '0.25.2' ],
353 silly audit   '@esbuild/android-arm64': [ '0.25.2' ],
353 silly audit   '@esbuild/android-x64': [ '0.25.2' ],
353 silly audit   '@esbuild/darwin-arm64': [ '0.25.2' ],
353 silly audit   '@esbuild/darwin-x64': [ '0.25.2' ],
353 silly audit   '@esbuild/freebsd-arm64': [ '0.25.2' ],
353 silly audit   '@esbuild/freebsd-x64': [ '0.25.2' ],
353 silly audit   '@esbuild/linux-arm': [ '0.25.2' ],
353 silly audit   '@esbuild/linux-arm64': [ '0.25.2' ],
353 silly audit   '@esbuild/linux-ia32': [ '0.25.2' ],
353 silly audit   '@esbuild/linux-loong64': [ '0.25.2' ],
353 silly audit   '@esbuild/linux-mips64el': [ '0.25.2' ],
353 silly audit   '@esbuild/linux-ppc64': [ '0.25.2' ],
353 silly audit   '@esbuild/linux-riscv64': [ '0.25.2' ],
353 silly audit   '@esbuild/linux-s390x': [ '0.25.2' ],
353 silly audit   '@esbuild/linux-x64': [ '0.25.2' ],
353 silly audit   '@esbuild/netbsd-arm64': [ '0.25.2' ],
353 silly audit   '@esbuild/netbsd-x64': [ '0.25.2' ],
353 silly audit   '@esbuild/openbsd-arm64': [ '0.25.2' ],
353 silly audit   '@esbuild/openbsd-x64': [ '0.25.2' ],
353 silly audit   '@esbuild/sunos-x64': [ '0.25.2' ],
353 silly audit   '@esbuild/win32-arm64': [ '0.25.2' ],
353 silly audit   '@esbuild/win32-ia32': [ '0.25.2' ],
353 silly audit   '@esbuild/win32-x64': [ '0.25.2' ],
353 silly audit   '@img/sharp-darwin-arm64': [ '0.33.5' ],
353 silly audit   '@img/sharp-darwin-x64': [ '0.33.5' ],
353 silly audit   '@img/sharp-libvips-darwin-arm64': [ '1.0.4' ],
353 silly audit   '@img/sharp-libvips-darwin-x64': [ '1.0.4' ],
353 silly audit   '@img/sharp-libvips-linux-arm': [ '1.0.5' ],
353 silly audit   '@img/sharp-libvips-linux-arm64': [ '1.0.4' ],
353 silly audit   '@img/sharp-libvips-linux-s390x': [ '1.0.4' ],
353 silly audit   '@img/sharp-libvips-linux-x64': [ '1.0.4' ],
353 silly audit   '@img/sharp-libvips-linuxmusl-arm64': [ '1.0.4' ],
353 silly audit   '@img/sharp-libvips-linuxmusl-x64': [ '1.0.4' ],
353 silly audit   '@img/sharp-linux-arm': [ '0.33.5' ],
353 silly audit   '@img/sharp-linux-arm64': [ '0.33.5' ],
353 silly audit   '@img/sharp-linux-s390x': [ '0.33.5' ],
353 silly audit   '@img/sharp-linux-x64': [ '0.33.5' ],
353 silly audit   '@img/sharp-linuxmusl-arm64': [ '0.33.5' ],
353 silly audit   '@img/sharp-linuxmusl-x64': [ '0.33.5' ],
353 silly audit   '@img/sharp-wasm32': [ '0.33.5' ],
353 silly audit   '@img/sharp-win32-ia32': [ '0.33.5' ],
353 silly audit   '@img/sharp-win32-x64': [ '0.33.5' ],
353 silly audit   '@jridgewell/sourcemap-codec': [ '1.5.0' ],
353 silly audit   '@oslojs/encoding': [ '1.1.0' ],
353 silly audit   '@rollup/pluginutils': [ '5.1.4' ],
353 silly audit   'estree-walker': [ '2.0.2', '3.0.3' ],
353 silly audit   '@rollup/rollup-android-arm-eabi': [ '4.40.0' ],
353 silly audit   '@rollup/rollup-android-arm64': [ '4.40.0' ],
353 silly audit   '@rollup/rollup-darwin-arm64': [ '4.40.0' ],
353 silly audit   '@rollup/rollup-darwin-x64': [ '4.40.0' ],
353 silly audit   '@rollup/rollup-freebsd-arm64': [ '4.40.0' ],
353 silly audit   '@rollup/rollup-freebsd-x64': [ '4.40.0' ],
353 silly audit   '@rollup/rollup-linux-arm-gnueabihf': [ '4.40.0' ],
353 silly audit   '@rollup/rollup-linux-arm-musleabihf': [ '4.40.0' ],
353 silly audit   '@rollup/rollup-linux-arm64-gnu': [ '4.40.0' ],
353 silly audit   '@rollup/rollup-linux-arm64-musl': [ '4.40.0' ],
353 silly audit   '@rollup/rollup-linux-loongarch64-gnu': [ '4.40.0' ],
353 silly audit   '@rollup/rollup-linux-powerpc64le-gnu': [ '4.40.0' ],
353 silly audit   '@rollup/rollup-linux-riscv64-gnu': [ '4.40.0' ],
353 silly audit   '@rollup/rollup-linux-riscv64-musl': [ '4.40.0' ],
353 silly audit   '@rollup/rollup-linux-s390x-gnu': [ '4.40.0' ],
353 silly audit   '@rollup/rollup-linux-x64-gnu': [ '4.40.0' ],
353 silly audit   '@rollup/rollup-linux-x64-musl': [ '4.40.0' ],
353 silly audit   '@rollup/rollup-win32-arm64-msvc': [ '4.40.0' ],
353 silly audit   '@rollup/rollup-win32-ia32-msvc': [ '4.40.0' ],
353 silly audit   '@rollup/rollup-win32-x64-msvc': [ '4.40.0' ],
353 silly audit   '@shikijs/core': [ '3.2.2' ],
353 silly audit   '@shikijs/engine-javascript': [ '3.2.2' ],
353 silly audit   '@shikijs/engine-oniguruma': [ '3.2.2' ],
353 silly audit   '@shikijs/langs': [ '3.2.2' ],
353 silly audit   '@shikijs/themes': [ '3.2.2' ],
353 silly audit   '@shikijs/types': [ '3.2.2' ],
353 silly audit   '@shikijs/vscode-textmate': [ '10.0.2' ],
353 silly audit   '@swc/helpers': [ '0.5.17' ],
353 silly audit   '@types/debug': [ '4.1.12' ],
353 silly audit   '@types/estree': [ '1.0.7' ],
353 silly audit   '@types/hast': [ '3.0.4' ],
353 silly audit   '@types/mdast': [ '4.0.4' ],
353 silly audit   '@types/ms': [ '2.1.0' ],
353 silly audit   '@types/nlcst': [ '2.0.3' ],
353 silly audit   '@types/unist': [ '3.0.3' ],
353 silly audit   '@ungap/structured-clone': [ '1.3.0' ],
353 silly audit   acorn: [ '8.14.1' ],
353 silly audit   'ansi-align': [ '3.0.1' ],
353 silly audit   'ansi-regex': [ '5.0.1', '6.1.0' ],
353 silly audit   'emoji-regex': [ '8.0.0', '10.4.0' ],
353 silly audit   'string-width': [ '4.2.3', '7.2.0' ],
353 silly audit   'strip-ansi': [ '6.0.1', '7.1.0' ],
353 silly audit   'ansi-styles': [ '6.2.1' ],
353 silly audit   anymatch: [ '3.1.3' ],
353 silly audit   picomatch: [ '2.3.1', '4.0.2' ],
353 silly audit   argparse: [ '2.0.1' ],
353 silly audit   'aria-query': [ '5.3.2' ],
353 silly audit   'array-iterate': [ '2.0.1' ],
353 silly audit   astro: [ '5.7.4' ],
353 silly audit   'axobject-query': [ '4.1.0' ],
353 silly audit   bail: [ '2.0.2' ],
353 silly audit   'base-64': [ '1.0.0' ],
353 silly audit   'base64-js': [ '1.5.1' ],
353 silly audit   'blob-to-buffer': [ '1.2.9' ],
353 silly audit   boxen: [ '8.0.1' ],
353 silly audit   brotli: [ '1.3.3' ],
353 silly audit   camelcase: [ '8.0.0' ],
353 silly audit   ccount: [ '2.0.1' ],
353 silly audit   chalk: [ '5.4.1' ],
353 silly audit   'character-entities': [ '2.0.2' ],
353 silly audit   'character-entities-html4': [ '2.1.0' ],
353 silly audit   'character-entities-legacy': [ '3.0.0' ],
353 silly audit   chokidar: [ '4.0.3' ],
353 silly audit   'ci-info': [ '4.2.0' ],
353 silly audit   'cli-boxes': [ '3.0.0' ],
353 silly audit   clone: [ '2.1.2' ],
353 silly audit   clsx: [ '2.1.1' ],
353 silly audit   color: [ '4.2.3' ],
353 silly audit   'color-convert': [ '2.0.1' ],
353 silly audit   'color-name': [ '1.1.4' ],
353 silly audit   'color-string': [ '1.9.1' ],
353 silly audit   'comma-separated-tokens': [ '2.0.3' ],
353 silly audit   'common-ancestor-path': [ '1.0.1' ],
353 silly audit   cookie: [ '1.0.2' ],
353 silly audit   'cookie-es': [ '1.2.2' ],
353 silly audit   'cross-fetch': [ '3.2.0' ],
353 silly audit   crossws: [ '0.3.4' ],
353 silly audit   'css-tree': [ '3.1.0' ],
353 silly audit   cssesc: [ '3.0.0' ],
353 silly audit   debug: [ '4.4.0' ],
353 silly audit   'decode-named-character-reference': [ '1.1.0' ],
353 silly audit   defu: [ '6.1.4' ],
353 silly audit   dequal: [ '2.0.3' ],
353 silly audit   destr: [ '2.0.5' ],
353 silly audit   'detect-libc': [ '2.0.3' ],
353 silly audit   'deterministic-object-hash': [ '2.0.2' ],
353 silly audit   devalue: [ '5.1.1' ],
353 silly audit   devlop: [ '1.1.0' ],
353 silly audit   dfa: [ '1.2.0' ],
353 silly audit   diff: [ '5.2.0' ],
353 silly audit   dlv: [ '1.1.3' ],
353 silly audit   dset: [ '3.1.4' ],
353 silly audit   'emoji-regex-xs': [ '1.0.0' ],
353 silly audit   entities: [ '4.5.0' ],
353 silly audit   'es-module-lexer': [ '1.6.0' ],
353 silly audit   esbuild: [ '0.25.2' ],
353 silly audit   'escape-string-regexp': [ '5.0.0' ],
353 silly audit   eventemitter3: [ '5.0.1' ],
353 silly audit   extend: [ '3.0.2' ],
353 silly audit   'fast-deep-equal': [ '3.1.3' ],
353 silly audit   fdir: [ '6.4.4' ],
353 silly audit   flattie: [ '1.1.1' ],
353 silly audit   fontkit: [ '2.0.4' ],
353 silly audit   fsevents: [ '2.3.3' ],
353 silly audit   'get-east-asian-width': [ '1.3.0' ],
353 silly audit   'github-slugger': [ '2.0.0' ],
353 silly audit   h3: [ '1.15.1' ],
353 silly audit   'hast-util-from-html': [ '2.0.3' ],
353 silly audit   'hast-util-from-parse5': [ '8.0.3' ],
353 silly audit   'hast-util-is-element': [ '3.0.0' ],
353 silly audit   'hast-util-parse-selector': [ '4.0.0' ],
353 silly audit   'hast-util-raw': [ '9.1.0' ],
353 silly audit   'hast-util-to-html': [ '9.0.5' ],
353 silly audit   'hast-util-to-parse5': [ '8.0.0' ],
353 silly audit   'property-information': [ '6.5.0', '7.0.0' ],
353 silly audit   'hast-util-to-text': [ '4.0.2' ],
353 silly audit   'hast-util-whitespace': [ '3.0.0' ],
353 silly audit   hastscript: [ '9.0.1' ],
353 silly audit   'html-escaper': [ '3.0.3' ],
353 silly audit   'html-void-elements': [ '3.0.0' ],
353 silly audit   'http-cache-semantics': [ '4.1.1' ],
353 silly audit   'import-meta-resolve': [ '4.1.0' ],
353 silly audit   'iron-webcrypto': [ '1.2.1' ],
353 silly audit   'is-arrayish': [ '0.3.2' ],
353 silly audit   'is-docker': [ '3.0.0' ],
353 silly audit   'is-fullwidth-code-point': [ '3.0.0' ],
353 silly audit   'is-inside-container': [ '1.0.0' ],
353 silly audit   'is-plain-obj': [ '4.1.0' ],
353 silly audit   'is-wsl': [ '3.1.0' ],
353 silly audit   'js-yaml': [ '4.1.0' ],
353 silly audit   kleur: [ '4.1.5', '3.0.3' ],
353 silly audit   'longest-streak': [ '3.1.0' ],
353 silly audit   'lru-cache': [ '10.4.3' ],
353 silly audit   'magic-string': [ '0.30.17' ],
353 silly audit   magicast: [ '0.3.5' ],
353 silly audit   'markdown-table': [ '3.0.4' ],
353 silly audit   'mdast-util-definitions': [ '6.0.0' ],
353 silly audit   'mdast-util-find-and-replace': [ '3.0.2' ],
353 silly audit   'mdast-util-from-markdown': [ '2.0.2' ],
353 silly audit   'mdast-util-gfm': [ '3.1.0' ],
353 silly audit   'mdast-util-gfm-autolink-literal': [ '2.0.1' ],
353 silly audit   'mdast-util-gfm-footnote': [ '2.1.0' ],
353 silly audit   'mdast-util-gfm-strikethrough': [ '2.0.0' ],
353 silly audit   'mdast-util-gfm-table': [ '2.0.0' ],
353 silly audit   'mdast-util-gfm-task-list-item': [ '2.0.0' ],
353 silly audit   'mdast-util-phrasing': [ '4.1.0' ],
353 silly audit   'mdast-util-to-hast': [ '13.2.0' ],
353 silly audit   'mdast-util-to-markdown': [ '2.1.2' ],
353 silly audit   'mdast-util-to-string': [ '4.0.0' ],
353 silly audit   'mdn-data': [ '2.12.2' ],
353 silly audit   micromark: [ '4.0.2' ],
353 silly audit   'micromark-core-commonmark': [ '2.0.3' ],
353 silly audit   'micromark-extension-gfm': [ '3.0.0' ],
353 silly audit   'micromark-extension-gfm-autolink-literal': [ '2.1.0' ],
353 silly audit   'micromark-extension-gfm-footnote': [ '2.1.0' ],
353 silly audit   'micromark-extension-gfm-strikethrough': [ '2.1.0' ],
353 silly audit   'micromark-extension-gfm-table': [ '2.1.1' ],
353 silly audit   'micromark-extension-gfm-tagfilter': [ '2.0.0' ],
353 silly audit   'micromark-extension-gfm-task-list-item': [ '2.1.0' ],
353 silly audit   'micromark-factory-destination': [ '2.0.1' ],
353 silly audit   'micromark-factory-label': [ '2.0.1' ],
353 silly audit   'micromark-factory-space': [ '2.0.1' ],
353 silly audit   'micromark-factory-title': [ '2.0.1' ],
353 silly audit   'micromark-factory-whitespace': [ '2.0.1' ],
353 silly audit   'micromark-util-character': [ '2.1.1' ],
353 silly audit   'micromark-util-chunked': [ '2.0.1' ],
353 silly audit   'micromark-util-classify-character': [ '2.0.1' ],
353 silly audit   'micromark-util-combine-extensions': [ '2.0.1' ],
353 silly audit   'micromark-util-decode-numeric-character-reference': [ '2.0.2' ],
353 silly audit   'micromark-util-decode-string': [ '2.0.1' ],
353 silly audit   'micromark-util-encode': [ '2.0.1' ],
353 silly audit   'micromark-util-html-tag-name': [ '2.0.1' ],
353 silly audit   'micromark-util-normalize-identifier': [ '2.0.1' ],
353 silly audit   'micromark-util-resolve-all': [ '2.0.1' ],
353 silly audit   'micromark-util-sanitize-uri': [ '2.0.1' ],
353 silly audit   'micromark-util-subtokenize': [ '2.1.0' ],
353 silly audit   'micromark-util-symbol': [ '2.0.1' ],
353 silly audit   'micromark-util-types': [ '2.0.2' ],
353 silly audit   mrmime: [ '2.0.1' ],
353 silly audit   ms: [ '2.1.3' ],
353 silly audit   nanoid: [ '3.3.11' ],
353 silly audit   neotraverse: [ '0.6.18' ],
353 silly audit   'nlcst-to-string': [ '4.0.0' ],
353 silly audit   'node-fetch': [ '2.7.0' ],
353 silly audit   'node-fetch-native': [ '1.6.6' ],
353 silly audit   'node-mock-http': [ '1.0.0' ],
353 silly audit   'normalize-path': [ '3.0.0' ],
353 silly audit   ofetch: [ '1.4.1' ],
353 silly audit   ohash: [ '2.0.11' ],
353 silly audit   'oniguruma-parser': [ '0.11.2' ],
353 silly audit   'oniguruma-to-es': [ '4.2.0' ],
353 silly audit   'p-limit': [ '6.2.0' ],
353 silly audit   'p-queue': [ '8.1.0' ],
353 silly audit   'p-timeout': [ '6.1.4' ],
353 silly audit   'package-manager-detector': [ '1.2.0' ],
353 silly audit   pako: [ '0.2.9' ],
353 silly audit   'parse-latin': [ '7.0.0' ],
353 silly audit   parse5: [ '7.2.1' ],
353 silly audit   picocolors: [ '1.1.1' ],
353 silly audit   postcss: [ '8.5.3' ],
353 silly audit   prismjs: [ '1.30.0' ],
353 silly audit   prompts: [ '2.4.2' ],
353 silly audit   radix3: [ '1.1.2' ],
353 silly audit   readdirp: [ '4.1.2' ],
353 silly audit   regex: [ '6.0.1' ],
353 silly audit   'regex-recursion': [ '6.0.2' ],
353 silly audit   'regex-utilities': [ '2.3.0' ],
353 silly audit   rehype: [ '13.0.2' ],
353 silly audit   'rehype-parse': [ '9.0.1' ],
353 silly audit   'rehype-raw': [ '7.0.0' ],
353 silly audit   'rehype-stringify': [ '10.0.1' ],
353 silly audit   'remark-gfm': [ '4.0.1' ],
353 silly audit   'remark-parse': [ '11.0.0' ],
353 silly audit   'remark-rehype': [ '11.1.2' ],
353 silly audit   'remark-smartypants': [ '3.0.2' ],
353 silly audit   'remark-stringify': [ '11.0.0' ],
353 silly audit   restructure: [ '3.0.2' ],
353 silly audit   retext: [ '9.0.0' ],
353 silly audit   'retext-latin': [ '4.0.0' ],
353 silly audit   'retext-smartypants': [ '6.2.0' ],
353 silly audit   'retext-stringify': [ '4.0.0' ],
353 silly audit   rollup: [ '4.40.0' ],
353 silly audit   semver: [ '7.7.1' ],
353 silly audit   sharp: [ '0.33.5' ],
353 silly audit   shiki: [ '3.2.2' ],
353 silly audit   'simple-swizzle': [ '0.2.2' ],
353 silly audit   sisteransi: [ '1.0.5' ],
353 silly audit   'smol-toml': [ '1.3.3' ],
353 silly audit   'source-map-js': [ '1.2.1' ],
353 silly audit   'space-separated-tokens': [ '2.0.2' ],
353 silly audit   'stringify-entities': [ '4.0.4' ],
353 silly audit   'tiny-inflate': [ '1.0.3' ],
353 silly audit   tinyexec: [ '0.3.2' ],
353 silly audit   tinyglobby: [ '0.2.13' ],
353 silly audit   tr46: [ '0.0.3' ],
353 silly audit   'trim-lines': [ '3.0.1' ],
353 silly audit   trough: [ '2.2.0' ],
353 silly audit   tsconfck: [ '3.1.5' ],
353 silly audit   tslib: [ '2.8.1' ],
353 silly audit   'type-fest': [ '4.40.0' ],
353 silly audit   typescript: [ '5.8.3' ],
353 silly audit   ufo: [ '1.6.1' ],
353 silly audit   ultrahtml: [ '1.6.0' ],
353 silly audit   uncrypto: [ '0.1.3' ],
353 silly audit   'unicode-properties': [ '1.4.1' ],
353 silly audit   'unicode-trie': [ '2.0.0' ],
353 silly audit   unified: [ '11.0.5' ],
353 silly audit   unifont: [ '0.2.0' ],
353 silly audit   'unist-util-find-after': [ '5.0.0' ],
353 silly audit   'unist-util-is': [ '6.0.0' ],
353 silly audit   'unist-util-modify-children': [ '4.0.0' ],
353 silly audit   'unist-util-position': [ '5.0.0' ],
353 silly audit   'unist-util-remove-position': [ '5.0.0' ],
353 silly audit   'unist-util-stringify-position': [ '4.0.0' ],
353 silly audit   'unist-util-visit': [ '5.0.0' ],
353 silly audit   'unist-util-visit-children': [ '3.0.0' ],
353 silly audit   'unist-util-visit-parents': [ '6.0.1' ],
353 silly audit   unstorage: [ '1.15.0' ],
353 silly audit   vfile: [ '6.0.3' ],
353 silly audit   'vfile-location': [ '5.0.3' ],
353 silly audit   'vfile-message': [ '4.0.2' ],
353 silly audit   vite: [ '6.3.2' ],
353 silly audit   vitefu: [ '1.0.6' ],
353 silly audit   'web-namespaces': [ '2.0.1' ],
353 silly audit   'webidl-conversions': [ '3.0.1' ],
353 silly audit   'whatwg-url': [ '5.0.0' ],
353 silly audit   'which-pm-runs': [ '1.1.0' ],
353 silly audit   'widest-line': [ '5.0.0' ],
353 silly audit   'wrap-ansi': [ '9.0.0' ],
353 silly audit   'xxhash-wasm': [ '1.1.0' ],
353 silly audit   'yargs-parser': [ '21.1.1' ],
353 silly audit   'yocto-queue': [ '1.2.1' ],
353 silly audit   'yocto-spinner': [ '0.2.2' ],
353 silly audit   yoctocolors: [ '2.1.1' ],
353 silly audit   zod: [ '3.24.3' ],
353 silly audit   'zod-to-json-schema': [ '3.24.5' ],
353 silly audit   'zod-to-ts': [ '1.2.0' ],
353 silly audit   zwitch: [ '2.0.4' ]
353 silly audit }
354 verbose reify failed optional dependency /home/chiwan/project/WorldAgen/worldagen.github.io/node_modules/@rollup/rollup-win32-x64-msvc
355 silly reify mark deleted [
355 silly reify   '/home/chiwan/project/WorldAgen/worldagen.github.io/node_modules/@rollup/rollup-win32-x64-msvc'
355 silly reify ]
356 verbose reify failed optional dependency /home/chiwan/project/WorldAgen/worldagen.github.io/node_modules/@rollup/rollup-win32-ia32-msvc
357 silly reify mark deleted [
357 silly reify   '/home/chiwan/project/WorldAgen/worldagen.github.io/node_modules/@rollup/rollup-win32-ia32-msvc'
357 silly reify ]
358 verbose reify failed optional dependency /home/chiwan/project/WorldAgen/worldagen.github.io/node_modules/@rollup/rollup-win32-arm64-msvc
359 silly reify mark deleted [
359 silly reify   '/home/chiwan/project/WorldAgen/worldagen.github.io/node_modules/@rollup/rollup-win32-arm64-msvc'
359 silly reify ]
360 verbose reify failed optional dependency /home/chiwan/project/WorldAgen/worldagen.github.io/node_modules/@rollup/rollup-linux-s390x-gnu
361 silly reify mark deleted [
361 silly reify   '/home/chiwan/project/WorldAgen/worldagen.github.io/node_modules/@rollup/rollup-linux-s390x-gnu'
361 silly reify ]
362 verbose reify failed optional dependency /home/chiwan/project/WorldAgen/worldagen.github.io/node_modules/@rollup/rollup-linux-riscv64-musl
363 silly reify mark deleted [
363 silly reify   '/home/chiwan/project/WorldAgen/worldagen.github.io/node_modules/@rollup/rollup-linux-riscv64-musl'
363 silly reify ]
364 verbose reify failed optional dependency /home/chiwan/project/WorldAgen/worldagen.github.io/node_modules/@rollup/rollup-linux-riscv64-gnu
365 silly reify mark deleted [
365 silly reify   '/home/chiwan/project/WorldAgen/worldagen.github.io/node_modules/@rollup/rollup-linux-riscv64-gnu'
365 silly reify ]
366 verbose reify failed optional dependency /home/chiwan/project/WorldAgen/worldagen.github.io/node_modules/@rollup/rollup-linux-powerpc64le-gnu
367 silly reify mark deleted [
367 silly reify   '/home/chiwan/project/WorldAgen/worldagen.github.io/node_modules/@rollup/rollup-linux-powerpc64le-gnu'
367 silly reify ]
368 verbose reify failed optional dependency /home/chiwan/project/WorldAgen/worldagen.github.io/node_modules/@rollup/rollup-linux-loongarch64-gnu
369 silly reify mark deleted [
369 silly reify   '/home/chiwan/project/WorldAgen/worldagen.github.io/node_modules/@rollup/rollup-linux-loongarch64-gnu'
369 silly reify ]
370 verbose reify failed optional dependency /home/chiwan/project/WorldAgen/worldagen.github.io/node_modules/@rollup/rollup-linux-arm64-musl
371 silly reify mark deleted [
371 silly reify   '/home/chiwan/project/WorldAgen/worldagen.github.io/node_modules/@rollup/rollup-linux-arm64-musl'
371 silly reify ]
372 verbose reify failed optional dependency /home/chiwan/project/WorldAgen/worldagen.github.io/node_modules/@rollup/rollup-linux-arm64-gnu
373 silly reify mark deleted [
373 silly reify   '/home/chiwan/project/WorldAgen/worldagen.github.io/node_modules/@rollup/rollup-linux-arm64-gnu'
373 silly reify ]
374 verbose reify failed optional dependency /home/chiwan/project/WorldAgen/worldagen.github.io/node_modules/@rollup/rollup-linux-arm-musleabihf
375 silly reify mark deleted [
375 silly reify   '/home/chiwan/project/WorldAgen/worldagen.github.io/node_modules/@rollup/rollup-linux-arm-musleabihf'
375 silly reify ]
376 verbose reify failed optional dependency /home/chiwan/project/WorldAgen/worldagen.github.io/node_modules/@rollup/rollup-linux-arm-gnueabihf
377 silly reify mark deleted [
377 silly reify   '/home/chiwan/project/WorldAgen/worldagen.github.io/node_modules/@rollup/rollup-linux-arm-gnueabihf'
377 silly reify ]
378 verbose reify failed optional dependency /home/chiwan/project/WorldAgen/worldagen.github.io/node_modules/@rollup/rollup-freebsd-x64
379 silly reify mark deleted [
379 silly reify   '/home/chiwan/project/WorldAgen/worldagen.github.io/node_modules/@rollup/rollup-freebsd-x64'
379 silly reify ]
380 verbose reify failed optional dependency /home/chiwan/project/WorldAgen/worldagen.github.io/node_modules/@rollup/rollup-freebsd-arm64
381 silly reify mark deleted [
381 silly reify   '/home/chiwan/project/WorldAgen/worldagen.github.io/node_modules/@rollup/rollup-freebsd-arm64'
381 silly reify ]
382 verbose reify failed optional dependency /home/chiwan/project/WorldAgen/worldagen.github.io/node_modules/@rollup/rollup-darwin-x64
383 silly reify mark deleted [
383 silly reify   '/home/chiwan/project/WorldAgen/worldagen.github.io/node_modules/@rollup/rollup-darwin-x64'
383 silly reify ]
384 verbose reify failed optional dependency /home/chiwan/project/WorldAgen/worldagen.github.io/node_modules/@rollup/rollup-darwin-arm64
385 silly reify mark deleted [
385 silly reify   '/home/chiwan/project/WorldAgen/worldagen.github.io/node_modules/@rollup/rollup-darwin-arm64'
385 silly reify ]
386 verbose reify failed optional dependency /home/chiwan/project/WorldAgen/worldagen.github.io/node_modules/@rollup/rollup-android-arm64
387 silly reify mark deleted [
387 silly reify   '/home/chiwan/project/WorldAgen/worldagen.github.io/node_modules/@rollup/rollup-android-arm64'
387 silly reify ]
388 verbose reify failed optional dependency /home/chiwan/project/WorldAgen/worldagen.github.io/node_modules/@rollup/rollup-android-arm-eabi
389 silly reify mark deleted [
389 silly reify   '/home/chiwan/project/WorldAgen/worldagen.github.io/node_modules/@rollup/rollup-android-arm-eabi'
389 silly reify ]
390 verbose reify failed optional dependency /home/chiwan/project/WorldAgen/worldagen.github.io/node_modules/@img/sharp-win32-x64
391 silly reify mark deleted [
391 silly reify   '/home/chiwan/project/WorldAgen/worldagen.github.io/node_modules/@img/sharp-win32-x64'
391 silly reify ]
392 verbose reify failed optional dependency /home/chiwan/project/WorldAgen/worldagen.github.io/node_modules/@img/sharp-win32-ia32
393 silly reify mark deleted [
393 silly reify   '/home/chiwan/project/WorldAgen/worldagen.github.io/node_modules/@img/sharp-win32-ia32'
393 silly reify ]
394 verbose reify failed optional dependency /home/chiwan/project/WorldAgen/worldagen.github.io/node_modules/@img/sharp-wasm32
395 silly reify mark deleted [
395 silly reify   '/home/chiwan/project/WorldAgen/worldagen.github.io/node_modules/@img/sharp-wasm32'
395 silly reify ]
396 verbose reify failed optional dependency /home/chiwan/project/WorldAgen/worldagen.github.io/node_modules/@emnapi/runtime
397 silly reify mark deleted [
397 silly reify   '/home/chiwan/project/WorldAgen/worldagen.github.io/node_modules/@emnapi/runtime'
397 silly reify ]
398 verbose reify failed optional dependency /home/chiwan/project/WorldAgen/worldagen.github.io/node_modules/@img/sharp-linuxmusl-arm64
399 silly reify mark deleted [
399 silly reify   '/home/chiwan/project/WorldAgen/worldagen.github.io/node_modules/@img/sharp-linuxmusl-arm64'
399 silly reify ]
400 verbose reify failed optional dependency /home/chiwan/project/WorldAgen/worldagen.github.io/node_modules/@img/sharp-linux-s390x
401 silly reify mark deleted [
401 silly reify   '/home/chiwan/project/WorldAgen/worldagen.github.io/node_modules/@img/sharp-linux-s390x'
401 silly reify ]
402 verbose reify failed optional dependency /home/chiwan/project/WorldAgen/worldagen.github.io/node_modules/@img/sharp-linux-arm64
403 silly reify mark deleted [
403 silly reify   '/home/chiwan/project/WorldAgen/worldagen.github.io/node_modules/@img/sharp-linux-arm64'
403 silly reify ]
404 verbose reify failed optional dependency /home/chiwan/project/WorldAgen/worldagen.github.io/node_modules/@img/sharp-linux-arm
405 silly reify mark deleted [
405 silly reify   '/home/chiwan/project/WorldAgen/worldagen.github.io/node_modules/@img/sharp-linux-arm'
405 silly reify ]
406 verbose reify failed optional dependency /home/chiwan/project/WorldAgen/worldagen.github.io/node_modules/@img/sharp-libvips-linuxmusl-arm64
407 silly reify mark deleted [
407 silly reify   '/home/chiwan/project/WorldAgen/worldagen.github.io/node_modules/@img/sharp-libvips-linuxmusl-arm64'
407 silly reify ]
408 verbose reify failed optional dependency /home/chiwan/project/WorldAgen/worldagen.github.io/node_modules/@img/sharp-libvips-linux-s390x
409 silly reify mark deleted [
409 silly reify   '/home/chiwan/project/WorldAgen/worldagen.github.io/node_modules/@img/sharp-libvips-linux-s390x'
409 silly reify ]
410 verbose reify failed optional dependency /home/chiwan/project/WorldAgen/worldagen.github.io/node_modules/@img/sharp-libvips-linux-arm64
411 silly reify mark deleted [
411 silly reify   '/home/chiwan/project/WorldAgen/worldagen.github.io/node_modules/@img/sharp-libvips-linux-arm64'
411 silly reify ]
412 verbose reify failed optional dependency /home/chiwan/project/WorldAgen/worldagen.github.io/node_modules/@img/sharp-libvips-linux-arm
413 silly reify mark deleted [
413 silly reify   '/home/chiwan/project/WorldAgen/worldagen.github.io/node_modules/@img/sharp-libvips-linux-arm'
413 silly reify ]
414 verbose reify failed optional dependency /home/chiwan/project/WorldAgen/worldagen.github.io/node_modules/@img/sharp-libvips-darwin-x64
415 silly reify mark deleted [
415 silly reify   '/home/chiwan/project/WorldAgen/worldagen.github.io/node_modules/@img/sharp-libvips-darwin-x64'
415 silly reify ]
416 verbose reify failed optional dependency /home/chiwan/project/WorldAgen/worldagen.github.io/node_modules/@img/sharp-libvips-darwin-arm64
417 silly reify mark deleted [
417 silly reify   '/home/chiwan/project/WorldAgen/worldagen.github.io/node_modules/@img/sharp-libvips-darwin-arm64'
417 silly reify ]
418 verbose reify failed optional dependency /home/chiwan/project/WorldAgen/worldagen.github.io/node_modules/@img/sharp-darwin-x64
419 silly reify mark deleted [
419 silly reify   '/home/chiwan/project/WorldAgen/worldagen.github.io/node_modules/@img/sharp-darwin-x64'
419 silly reify ]
420 verbose reify failed optional dependency /home/chiwan/project/WorldAgen/worldagen.github.io/node_modules/@img/sharp-darwin-arm64
421 silly reify mark deleted [
421 silly reify   '/home/chiwan/project/WorldAgen/worldagen.github.io/node_modules/@img/sharp-darwin-arm64'
421 silly reify ]
422 verbose reify failed optional dependency /home/chiwan/project/WorldAgen/worldagen.github.io/node_modules/@esbuild/win32-x64
423 silly reify mark deleted [
423 silly reify   '/home/chiwan/project/WorldAgen/worldagen.github.io/node_modules/@esbuild/win32-x64'
423 silly reify ]
424 verbose reify failed optional dependency /home/chiwan/project/WorldAgen/worldagen.github.io/node_modules/@esbuild/win32-ia32
425 silly reify mark deleted [
425 silly reify   '/home/chiwan/project/WorldAgen/worldagen.github.io/node_modules/@esbuild/win32-ia32'
425 silly reify ]
426 verbose reify failed optional dependency /home/chiwan/project/WorldAgen/worldagen.github.io/node_modules/@esbuild/win32-arm64
427 silly reify mark deleted [
427 silly reify   '/home/chiwan/project/WorldAgen/worldagen.github.io/node_modules/@esbuild/win32-arm64'
427 silly reify ]
428 verbose reify failed optional dependency /home/chiwan/project/WorldAgen/worldagen.github.io/node_modules/@esbuild/sunos-x64
429 silly reify mark deleted [
429 silly reify   '/home/chiwan/project/WorldAgen/worldagen.github.io/node_modules/@esbuild/sunos-x64'
429 silly reify ]
430 verbose reify failed optional dependency /home/chiwan/project/WorldAgen/worldagen.github.io/node_modules/@esbuild/openbsd-x64
431 silly reify mark deleted [
431 silly reify   '/home/chiwan/project/WorldAgen/worldagen.github.io/node_modules/@esbuild/openbsd-x64'
431 silly reify ]
432 verbose reify failed optional dependency /home/chiwan/project/WorldAgen/worldagen.github.io/node_modules/@esbuild/openbsd-arm64
433 silly reify mark deleted [
433 silly reify   '/home/chiwan/project/WorldAgen/worldagen.github.io/node_modules/@esbuild/openbsd-arm64'
433 silly reify ]
434 verbose reify failed optional dependency /home/chiwan/project/WorldAgen/worldagen.github.io/node_modules/@esbuild/netbsd-x64
435 silly reify mark deleted [
435 silly reify   '/home/chiwan/project/WorldAgen/worldagen.github.io/node_modules/@esbuild/netbsd-x64'
435 silly reify ]
436 verbose reify failed optional dependency /home/chiwan/project/WorldAgen/worldagen.github.io/node_modules/@esbuild/netbsd-arm64
437 silly reify mark deleted [
437 silly reify   '/home/chiwan/project/WorldAgen/worldagen.github.io/node_modules/@esbuild/netbsd-arm64'
437 silly reify ]
438 verbose reify failed optional dependency /home/chiwan/project/WorldAgen/worldagen.github.io/node_modules/@esbuild/linux-s390x
439 silly reify mark deleted [
439 silly reify   '/home/chiwan/project/WorldAgen/worldagen.github.io/node_modules/@esbuild/linux-s390x'
439 silly reify ]
440 verbose reify failed optional dependency /home/chiwan/project/WorldAgen/worldagen.github.io/node_modules/@esbuild/linux-riscv64
441 silly reify mark deleted [
441 silly reify   '/home/chiwan/project/WorldAgen/worldagen.github.io/node_modules/@esbuild/linux-riscv64'
441 silly reify ]
442 verbose reify failed optional dependency /home/chiwan/project/WorldAgen/worldagen.github.io/node_modules/@esbuild/linux-ppc64
443 silly reify mark deleted [
443 silly reify   '/home/chiwan/project/WorldAgen/worldagen.github.io/node_modules/@esbuild/linux-ppc64'
443 silly reify ]
444 verbose reify failed optional dependency /home/chiwan/project/WorldAgen/worldagen.github.io/node_modules/@esbuild/linux-mips64el
445 silly reify mark deleted [
445 silly reify   '/home/chiwan/project/WorldAgen/worldagen.github.io/node_modules/@esbuild/linux-mips64el'
445 silly reify ]
446 verbose reify failed optional dependency /home/chiwan/project/WorldAgen/worldagen.github.io/node_modules/@esbuild/linux-loong64
447 silly reify mark deleted [
447 silly reify   '/home/chiwan/project/WorldAgen/worldagen.github.io/node_modules/@esbuild/linux-loong64'
447 silly reify ]
448 verbose reify failed optional dependency /home/chiwan/project/WorldAgen/worldagen.github.io/node_modules/@esbuild/linux-ia32
449 silly reify mark deleted [
449 silly reify   '/home/chiwan/project/WorldAgen/worldagen.github.io/node_modules/@esbuild/linux-ia32'
449 silly reify ]
450 verbose reify failed optional dependency /home/chiwan/project/WorldAgen/worldagen.github.io/node_modules/@esbuild/linux-arm64
451 silly reify mark deleted [
451 silly reify   '/home/chiwan/project/WorldAgen/worldagen.github.io/node_modules/@esbuild/linux-arm64'
451 silly reify ]
452 verbose reify failed optional dependency /home/chiwan/project/WorldAgen/worldagen.github.io/node_modules/@esbuild/linux-arm
453 silly reify mark deleted [
453 silly reify   '/home/chiwan/project/WorldAgen/worldagen.github.io/node_modules/@esbuild/linux-arm'
453 silly reify ]
454 verbose reify failed optional dependency /home/chiwan/project/WorldAgen/worldagen.github.io/node_modules/@esbuild/freebsd-x64
455 silly reify mark deleted [
455 silly reify   '/home/chiwan/project/WorldAgen/worldagen.github.io/node_modules/@esbuild/freebsd-x64'
455 silly reify ]
456 verbose reify failed optional dependency /home/chiwan/project/WorldAgen/worldagen.github.io/node_modules/@esbuild/freebsd-arm64
457 silly reify mark deleted [
457 silly reify   '/home/chiwan/project/WorldAgen/worldagen.github.io/node_modules/@esbuild/freebsd-arm64'
457 silly reify ]
458 verbose reify failed optional dependency /home/chiwan/project/WorldAgen/worldagen.github.io/node_modules/@esbuild/darwin-x64
459 silly reify mark deleted [
459 silly reify   '/home/chiwan/project/WorldAgen/worldagen.github.io/node_modules/@esbuild/darwin-x64'
459 silly reify ]
460 verbose reify failed optional dependency /home/chiwan/project/WorldAgen/worldagen.github.io/node_modules/@esbuild/darwin-arm64
461 silly reify mark deleted [
461 silly reify   '/home/chiwan/project/WorldAgen/worldagen.github.io/node_modules/@esbuild/darwin-arm64'
461 silly reify ]
462 verbose reify failed optional dependency /home/chiwan/project/WorldAgen/worldagen.github.io/node_modules/@esbuild/android-x64
463 silly reify mark deleted [
463 silly reify   '/home/chiwan/project/WorldAgen/worldagen.github.io/node_modules/@esbuild/android-x64'
463 silly reify ]
464 verbose reify failed optional dependency /home/chiwan/project/WorldAgen/worldagen.github.io/node_modules/@esbuild/android-arm64
465 silly reify mark deleted [
465 silly reify   '/home/chiwan/project/WorldAgen/worldagen.github.io/node_modules/@esbuild/android-arm64'
465 silly reify ]
466 verbose reify failed optional dependency /home/chiwan/project/WorldAgen/worldagen.github.io/node_modules/@esbuild/android-arm
467 silly reify mark deleted [
467 silly reify   '/home/chiwan/project/WorldAgen/worldagen.github.io/node_modules/@esbuild/android-arm'
467 silly reify ]
468 verbose reify failed optional dependency /home/chiwan/project/WorldAgen/worldagen.github.io/node_modules/@esbuild/aix-ppc64
469 silly reify mark deleted [
469 silly reify   '/home/chiwan/project/WorldAgen/worldagen.github.io/node_modules/@esbuild/aix-ppc64'
469 silly reify ]
470 verbose reify failed optional dependency /home/chiwan/project/WorldAgen/worldagen.github.io/node_modules/fsevents
471 silly reify mark deleted [
471 silly reify   '/home/chiwan/project/WorldAgen/worldagen.github.io/node_modules/fsevents'
471 silly reify ]
472 verbose audit error FetchError: request to https://registry.npmjs.org/-/npm/v1/security/advisories/bulk failed, reason: getaddrinfo EAI_AGAIN registry.npmjs.org
472 verbose audit error     at ClientRequest.<anonymous> (/usr/lib/node_modules/npm/node_modules/minipass-fetch/lib/index.js:130:14)
472 verbose audit error     at ClientRequest.emit (node:events:524:28)
472 verbose audit error     at emitErrorEvent (node:_http_client:101:11)
472 verbose audit error     at _destroy (node:_http_client:884:9)
472 verbose audit error     at onSocketNT (node:_http_client:904:5)
472 verbose audit error     at process.processTicksAndRejections (node:internal/process/task_queues:83:21) {
472 verbose audit error   code: 'EAI_AGAIN',
472 verbose audit error   errno: 'EAI_AGAIN',
472 verbose audit error   syscall: 'getaddrinfo',
472 verbose audit error   hostname: 'registry.npmjs.org',
472 verbose audit error   type: 'system'
472 verbose audit error }
473 silly audit error undefined
474 silly audit report null
475 http cache @swc/helpers@https://registry.npmjs.org/@swc/helpers/-/helpers-0.5.17.tgz 1ms (cache hit)
476 http cache @ungap/structured-clone@https://registry.npmjs.org/@ungap/structured-clone/-/structured-clone-1.3.0.tgz 1ms (cache hit)
477 http cache @types/unist@https://registry.npmjs.org/@types/unist/-/unist-3.0.3.tgz 0ms (cache hit)
478 http cache @types/ms@https://registry.npmjs.org/@types/ms/-/ms-2.1.0.tgz 0ms (cache hit)
479 http cache @types/nlcst@https://registry.npmjs.org/@types/nlcst/-/nlcst-2.0.3.tgz 0ms (cache hit)
480 http cache @types/hast@https://registry.npmjs.org/@types/hast/-/hast-3.0.4.tgz 0ms (cache hit)
481 http cache @types/mdast@https://registry.npmjs.org/@types/mdast/-/mdast-4.0.4.tgz 0ms (cache hit)
482 http cache @types/estree@https://registry.npmjs.org/@types/estree/-/estree-1.0.7.tgz 0ms (cache hit)
483 http cache @types/debug@https://registry.npmjs.org/@types/debug/-/debug-4.1.12.tgz 0ms (cache hit)
484 http cache @shikijs/types@https://registry.npmjs.org/@shikijs/types/-/types-3.2.2.tgz 0ms (cache hit)
485 http cache @shikijs/themes@https://registry.npmjs.org/@shikijs/themes/-/themes-3.2.2.tgz 0ms (cache hit)
486 http cache @shikijs/vscode-textmate@https://registry.npmjs.org/@shikijs/vscode-textmate/-/vscode-textmate-10.0.2.tgz 0ms (cache hit)
487 http cache @shikijs/langs@https://registry.npmjs.org/@shikijs/langs/-/langs-3.2.2.tgz 0ms (cache hit)
488 http cache @shikijs/engine-oniguruma@https://registry.npmjs.org/@shikijs/engine-oniguruma/-/engine-oniguruma-3.2.2.tgz 0ms (cache hit)
489 http cache @shikijs/engine-javascript@https://registry.npmjs.org/@shikijs/engine-javascript/-/engine-javascript-3.2.2.tgz 0ms (cache hit)
490 http cache @shikijs/core@https://registry.npmjs.org/@shikijs/core/-/core-3.2.2.tgz 0ms (cache hit)
491 http cache @rollup/rollup-linux-x64-musl@https://registry.npmjs.org/@rollup/rollup-linux-x64-musl/-/rollup-linux-x64-musl-4.40.0.tgz 0ms (cache hit)
492 http cache @rollup/rollup-linux-x64-gnu@https://registry.npmjs.org/@rollup/rollup-linux-x64-gnu/-/rollup-linux-x64-gnu-4.40.0.tgz 0ms (cache hit)
493 http cache @oslojs/encoding@https://registry.npmjs.org/@oslojs/encoding/-/encoding-1.1.0.tgz 0ms (cache hit)
494 http cache @rollup/pluginutils@https://registry.npmjs.org/@rollup/pluginutils/-/pluginutils-5.1.4.tgz 0ms (cache hit)
495 http cache @jridgewell/sourcemap-codec@https://registry.npmjs.org/@jridgewell/sourcemap-codec/-/sourcemap-codec-1.5.0.tgz 0ms (cache hit)
496 http cache @img/sharp-linuxmusl-x64@https://registry.npmjs.org/@img/sharp-linuxmusl-x64/-/sharp-linuxmusl-x64-0.33.5.tgz 0ms (cache hit)
497 http cache @img/sharp-linux-x64@https://registry.npmjs.org/@img/sharp-linux-x64/-/sharp-linux-x64-0.33.5.tgz 0ms (cache hit)
498 http cache @emnapi/runtime@https://registry.npmjs.org/@emnapi/runtime/-/runtime-1.4.3.tgz 0ms (cache hit)
499 http cache @img/sharp-libvips-linuxmusl-x64@https://registry.npmjs.org/@img/sharp-libvips-linuxmusl-x64/-/sharp-libvips-linuxmusl-x64-1.0.4.tgz 0ms (cache hit)
500 http cache @img/sharp-libvips-linux-x64@https://registry.npmjs.org/@img/sharp-libvips-linux-x64/-/sharp-libvips-linux-x64-1.0.4.tgz 0ms (cache hit)
501 http cache @esbuild/linux-x64@https://registry.npmjs.org/@esbuild/linux-x64/-/linux-x64-0.25.2.tgz 0ms (cache hit)
502 http cache @capsizecss/unpack@https://registry.npmjs.org/@capsizecss/unpack/-/unpack-2.4.0.tgz 0ms (cache hit)
503 http cache @astrojs/prism@https://registry.npmjs.org/@astrojs/prism/-/prism-3.2.0.tgz 0ms (cache hit)
504 http cache @astrojs/telemetry@https://registry.npmjs.org/@astrojs/telemetry/-/telemetry-3.2.0.tgz 0ms (cache hit)
505 http cache @astrojs/internal-helpers@https://registry.npmjs.org/@astrojs/internal-helpers/-/internal-helpers-0.6.1.tgz 0ms (cache hit)
506 http cache @astrojs/markdown-remark@https://registry.npmjs.org/@astrojs/markdown-remark/-/markdown-remark-6.3.1.tgz 0ms (cache hit)
507 http cache @astrojs/compiler@https://registry.npmjs.org/@astrojs/compiler/-/compiler-2.11.0.tgz 0ms (cache hit)
508 http cache @babel/parser@https://registry.npmjs.org/@babel/parser/-/parser-7.27.0.tgz 0ms (cache hit)
509 http cache @babel/helper-validator-identifier@https://registry.npmjs.org/@babel/helper-validator-identifier/-/helper-validator-identifier-7.25.9.tgz 0ms (cache hit)
510 http cache @babel/helper-string-parser@https://registry.npmjs.org/@babel/helper-string-parser/-/helper-string-parser-7.25.9.tgz 0ms (cache hit)
511 http cache @babel/types@https://registry.npmjs.org/@babel/types/-/types-7.27.0.tgz 0ms (cache hit)
512 http cache zwitch@https://registry.npmjs.org/zwitch/-/zwitch-2.0.4.tgz 0ms (cache hit)
513 http cache zod-to-ts@https://registry.npmjs.org/zod-to-ts/-/zod-to-ts-1.2.0.tgz 0ms (cache hit)
514 http cache zod@https://registry.npmjs.org/zod/-/zod-3.24.3.tgz 0ms (cache hit)
515 http cache zod-to-json-schema@https://registry.npmjs.org/zod-to-json-schema/-/zod-to-json-schema-3.24.5.tgz 0ms (cache hit)
516 http cache yoctocolors@https://registry.npmjs.org/yoctocolors/-/yoctocolors-2.1.1.tgz 0ms (cache hit)
517 http cache yocto-spinner@https://registry.npmjs.org/yocto-spinner/-/yocto-spinner-0.2.2.tgz 1ms (cache hit)
518 http cache yocto-queue@https://registry.npmjs.org/yocto-queue/-/yocto-queue-1.2.1.tgz 0ms (cache hit)
519 http cache yargs-parser@https://registry.npmjs.org/yargs-parser/-/yargs-parser-21.1.1.tgz 0ms (cache hit)
520 http cache xxhash-wasm@https://registry.npmjs.org/xxhash-wasm/-/xxhash-wasm-1.1.0.tgz 0ms (cache hit)
521 http cache wrap-ansi@https://registry.npmjs.org/wrap-ansi/-/wrap-ansi-9.0.0.tgz 0ms (cache hit)
522 http cache widest-line@https://registry.npmjs.org/widest-line/-/widest-line-5.0.0.tgz 0ms (cache hit)
523 http cache webidl-conversions@https://registry.npmjs.org/webidl-conversions/-/webidl-conversions-3.0.1.tgz 0ms (cache hit)
524 http cache whatwg-url@https://registry.npmjs.org/whatwg-url/-/whatwg-url-5.0.0.tgz 0ms (cache hit)
525 http cache web-namespaces@https://registry.npmjs.org/web-namespaces/-/web-namespaces-2.0.1.tgz 0ms (cache hit)
526 http cache which-pm-runs@https://registry.npmjs.org/which-pm-runs/-/which-pm-runs-1.1.0.tgz 0ms (cache hit)
527 http cache vitefu@https://registry.npmjs.org/vitefu/-/vitefu-1.0.6.tgz 0ms (cache hit)
528 http cache vfile-message@https://registry.npmjs.org/vfile-message/-/vfile-message-4.0.2.tgz 0ms (cache hit)
529 http cache vite@https://registry.npmjs.org/vite/-/vite-6.3.2.tgz 0ms (cache hit)
530 http cache vfile@https://registry.npmjs.org/vfile/-/vfile-6.0.3.tgz 0ms (cache hit)
531 http cache vfile-location@https://registry.npmjs.org/vfile-location/-/vfile-location-5.0.3.tgz 0ms (cache hit)
532 http cache unstorage@https://registry.npmjs.org/unstorage/-/unstorage-1.15.0.tgz 0ms (cache hit)
533 http cache unist-util-visit-parents@https://registry.npmjs.org/unist-util-visit-parents/-/unist-util-visit-parents-6.0.1.tgz 0ms (cache hit)
534 http cache unist-util-stringify-position@https://registry.npmjs.org/unist-util-stringify-position/-/unist-util-stringify-position-4.0.0.tgz 0ms (cache hit)
535 http cache unist-util-visit@https://registry.npmjs.org/unist-util-visit/-/unist-util-visit-5.0.0.tgz 0ms (cache hit)
536 http cache unist-util-visit-children@https://registry.npmjs.org/unist-util-visit-children/-/unist-util-visit-children-3.0.0.tgz 0ms (cache hit)
537 http cache unist-util-position@https://registry.npmjs.org/unist-util-position/-/unist-util-position-5.0.0.tgz 0ms (cache hit)
538 http cache unist-util-remove-position@https://registry.npmjs.org/unist-util-remove-position/-/unist-util-remove-position-5.0.0.tgz 0ms (cache hit)
539 http cache unist-util-modify-children@https://registry.npmjs.org/unist-util-modify-children/-/unist-util-modify-children-4.0.0.tgz 0ms (cache hit)
540 http cache unist-util-is@https://registry.npmjs.org/unist-util-is/-/unist-util-is-6.0.0.tgz 0ms (cache hit)
541 http cache unifont@https://registry.npmjs.org/unifont/-/unifont-0.2.0.tgz 0ms (cache hit)
542 http cache unist-util-find-after@https://registry.npmjs.org/unist-util-find-after/-/unist-util-find-after-5.0.0.tgz 0ms (cache hit)
543 http cache unicode-trie@https://registry.npmjs.org/unicode-trie/-/unicode-trie-2.0.0.tgz 0ms (cache hit)
544 http cache unified@https://registry.npmjs.org/unified/-/unified-11.0.5.tgz 0ms (cache hit)
545 http cache unicode-properties@https://registry.npmjs.org/unicode-properties/-/unicode-properties-1.4.1.tgz 0ms (cache hit)
546 http cache uncrypto@https://registry.npmjs.org/uncrypto/-/uncrypto-0.1.3.tgz 0ms (cache hit)
547 http cache ultrahtml@https://registry.npmjs.org/ultrahtml/-/ultrahtml-1.6.0.tgz 0ms (cache hit)
548 http cache typescript@https://registry.npmjs.org/typescript/-/typescript-5.8.3.tgz 0ms (cache hit)
549 http cache ufo@https://registry.npmjs.org/ufo/-/ufo-1.6.1.tgz 0ms (cache hit)
550 http cache tslib@https://registry.npmjs.org/tslib/-/tslib-2.8.1.tgz 0ms (cache hit)
551 http cache tsconfck@https://registry.npmjs.org/tsconfck/-/tsconfck-3.1.5.tgz 0ms (cache hit)
552 http cache type-fest@https://registry.npmjs.org/type-fest/-/type-fest-4.40.0.tgz 0ms (cache hit)
553 http cache trough@https://registry.npmjs.org/trough/-/trough-2.2.0.tgz 0ms (cache hit)
554 http cache trim-lines@https://registry.npmjs.org/trim-lines/-/trim-lines-3.0.1.tgz 0ms (cache hit)
555 http cache tr46@https://registry.npmjs.org/tr46/-/tr46-0.0.3.tgz 0ms (cache hit)
556 http cache tinyglobby@https://registry.npmjs.org/tinyglobby/-/tinyglobby-0.2.13.tgz 0ms (cache hit)
557 http cache tiny-inflate@https://registry.npmjs.org/tiny-inflate/-/tiny-inflate-1.0.3.tgz 0ms (cache hit)
558 http cache tinyexec@https://registry.npmjs.org/tinyexec/-/tinyexec-0.3.2.tgz 0ms (cache hit)
559 http cache strip-ansi@https://registry.npmjs.org/strip-ansi/-/strip-ansi-7.1.0.tgz 0ms (cache hit)
560 http cache stringify-entities@https://registry.npmjs.org/stringify-entities/-/stringify-entities-4.0.4.tgz 0ms (cache hit)
561 http cache string-width@https://registry.npmjs.org/string-width/-/string-width-7.2.0.tgz 0ms (cache hit)
562 http cache space-separated-tokens@https://registry.npmjs.org/space-separated-tokens/-/space-separated-tokens-2.0.2.tgz 0ms (cache hit)
563 http cache smol-toml@https://registry.npmjs.org/smol-toml/-/smol-toml-1.3.3.tgz 0ms (cache hit)
564 http cache source-map-js@https://registry.npmjs.org/source-map-js/-/source-map-js-1.2.1.tgz 0ms (cache hit)
565 http cache sisteransi@https://registry.npmjs.org/sisteransi/-/sisteransi-1.0.5.tgz 0ms (cache hit)
566 http cache simple-swizzle@https://registry.npmjs.org/simple-swizzle/-/simple-swizzle-0.2.2.tgz 0ms (cache hit)
567 http cache sharp@https://registry.npmjs.org/sharp/-/sharp-0.33.5.tgz 0ms (cache hit)
568 http cache semver@https://registry.npmjs.org/semver/-/semver-7.7.1.tgz 0ms (cache hit)
569 http cache shiki@https://registry.npmjs.org/shiki/-/shiki-3.2.2.tgz 0ms (cache hit)
570 http cache rollup@https://registry.npmjs.org/rollup/-/rollup-4.40.0.tgz 0ms (cache hit)
571 http cache retext-stringify@https://registry.npmjs.org/retext-stringify/-/retext-stringify-4.0.0.tgz 0ms (cache hit)
572 http cache retext-smartypants@https://registry.npmjs.org/retext-smartypants/-/retext-smartypants-6.2.0.tgz 0ms (cache hit)
573 http cache retext-latin@https://registry.npmjs.org/retext-latin/-/retext-latin-4.0.0.tgz 0ms (cache hit)
574 http cache retext@https://registry.npmjs.org/retext/-/retext-9.0.0.tgz 0ms (cache hit)
575 http cache remark-smartypants@https://registry.npmjs.org/remark-smartypants/-/remark-smartypants-3.0.2.tgz 0ms (cache hit)
576 http cache remark-stringify@https://registry.npmjs.org/remark-stringify/-/remark-stringify-11.0.0.tgz 0ms (cache hit)
577 http cache restructure@https://registry.npmjs.org/restructure/-/restructure-3.0.2.tgz 0ms (cache hit)
578 http cache remark-rehype@https://registry.npmjs.org/remark-rehype/-/remark-rehype-11.1.2.tgz 0ms (cache hit)
579 http cache remark-parse@https://registry.npmjs.org/remark-parse/-/remark-parse-11.0.0.tgz 0ms (cache hit)
580 http cache remark-gfm@https://registry.npmjs.org/remark-gfm/-/remark-gfm-4.0.1.tgz 0ms (cache hit)
581 http cache rehype-stringify@https://registry.npmjs.org/rehype-stringify/-/rehype-stringify-10.0.1.tgz 0ms (cache hit)
582 http cache rehype-raw@https://registry.npmjs.org/rehype-raw/-/rehype-raw-7.0.0.tgz 0ms (cache hit)
583 http cache rehype-parse@https://registry.npmjs.org/rehype-parse/-/rehype-parse-9.0.1.tgz 0ms (cache hit)
584 http cache rehype@https://registry.npmjs.org/rehype/-/rehype-13.0.2.tgz 0ms (cache hit)
585 http cache regex-recursion@https://registry.npmjs.org/regex-recursion/-/regex-recursion-6.0.2.tgz 0ms (cache hit)
586 http cache regex@https://registry.npmjs.org/regex/-/regex-6.0.1.tgz 0ms (cache hit)
587 http cache regex-utilities@https://registry.npmjs.org/regex-utilities/-/regex-utilities-2.3.0.tgz 0ms (cache hit)
588 http cache readdirp@https://registry.npmjs.org/readdirp/-/readdirp-4.1.2.tgz 0ms (cache hit)
589 http cache prompts@https://registry.npmjs.org/prompts/-/prompts-2.4.2.tgz 0ms (cache hit)
590 http cache radix3@https://registry.npmjs.org/radix3/-/radix3-1.1.2.tgz 0ms (cache hit)
591 http cache property-information@https://registry.npmjs.org/property-information/-/property-information-7.0.0.tgz 0ms (cache hit)
592 http cache prismjs@https://registry.npmjs.org/prismjs/-/prismjs-1.30.0.tgz 0ms (cache hit)
593 http cache postcss@https://registry.npmjs.org/postcss/-/postcss-8.5.3.tgz 0ms (cache hit)
594 http cache picomatch@https://registry.npmjs.org/picomatch/-/picomatch-4.0.2.tgz 0ms (cache hit)
595 http cache picocolors@https://registry.npmjs.org/picocolors/-/picocolors-1.1.1.tgz 0ms (cache hit)
596 http cache parse5@https://registry.npmjs.org/parse5/-/parse5-7.2.1.tgz 0ms (cache hit)
597 http cache parse-latin@https://registry.npmjs.org/parse-latin/-/parse-latin-7.0.0.tgz 0ms (cache hit)
598 http cache pako@https://registry.npmjs.org/pako/-/pako-0.2.9.tgz 0ms (cache hit)
599 http cache p-timeout@https://registry.npmjs.org/p-timeout/-/p-timeout-6.1.4.tgz 0ms (cache hit)
600 http cache package-manager-detector@https://registry.npmjs.org/package-manager-detector/-/package-manager-detector-1.2.0.tgz 0ms (cache hit)
601 http cache p-queue@https://registry.npmjs.org/p-queue/-/p-queue-8.1.0.tgz 0ms (cache hit)
602 http cache p-limit@https://registry.npmjs.org/p-limit/-/p-limit-6.2.0.tgz 0ms (cache hit)
603 http cache oniguruma-to-es@https://registry.npmjs.org/oniguruma-to-es/-/oniguruma-to-es-4.2.0.tgz 0ms (cache hit)
604 http cache oniguruma-parser@https://registry.npmjs.org/oniguruma-parser/-/oniguruma-parser-0.11.2.tgz 0ms (cache hit)
605 http cache ohash@https://registry.npmjs.org/ohash/-/ohash-2.0.11.tgz 0ms (cache hit)
606 http cache ofetch@https://registry.npmjs.org/ofetch/-/ofetch-1.4.1.tgz 0ms (cache hit)
607 http cache node-mock-http@https://registry.npmjs.org/node-mock-http/-/node-mock-http-1.0.0.tgz 0ms (cache hit)
608 http cache normalize-path@https://registry.npmjs.org/normalize-path/-/normalize-path-3.0.0.tgz 0ms (cache hit)
609 http cache node-fetch-native@https://registry.npmjs.org/node-fetch-native/-/node-fetch-native-1.6.6.tgz 0ms (cache hit)
610 http cache node-fetch@https://registry.npmjs.org/node-fetch/-/node-fetch-2.7.0.tgz 0ms (cache hit)
611 http cache neotraverse@https://registry.npmjs.org/neotraverse/-/neotraverse-0.6.18.tgz 0ms (cache hit)
612 http cache nlcst-to-string@https://registry.npmjs.org/nlcst-to-string/-/nlcst-to-string-4.0.0.tgz 0ms (cache hit)
613 http cache mrmime@https://registry.npmjs.org/mrmime/-/mrmime-2.0.1.tgz 0ms (cache hit)
614 http cache ms@https://registry.npmjs.org/ms/-/ms-2.1.3.tgz 0ms (cache hit)
615 http cache nanoid@https://registry.npmjs.org/nanoid/-/nanoid-3.3.11.tgz 0ms (cache hit)
616 http cache micromark-util-types@https://registry.npmjs.org/micromark-util-types/-/micromark-util-types-2.0.2.tgz 0ms (cache hit)
617 http cache micromark-util-symbol@https://registry.npmjs.org/micromark-util-symbol/-/micromark-util-symbol-2.0.1.tgz 0ms (cache hit)
618 http cache micromark-util-subtokenize@https://registry.npmjs.org/micromark-util-subtokenize/-/micromark-util-subtokenize-2.1.0.tgz 0ms (cache hit)
619 http cache micromark-util-sanitize-uri@https://registry.npmjs.org/micromark-util-sanitize-uri/-/micromark-util-sanitize-uri-2.0.1.tgz 0ms (cache hit)
620 http cache micromark-util-html-tag-name@https://registry.npmjs.org/micromark-util-html-tag-name/-/micromark-util-html-tag-name-2.0.1.tgz 0ms (cache hit)
621 http cache micromark-util-normalize-identifier@https://registry.npmjs.org/micromark-util-normalize-identifier/-/micromark-util-normalize-identifier-2.0.1.tgz 0ms (cache hit)
622 http cache micromark-util-resolve-all@https://registry.npmjs.org/micromark-util-resolve-all/-/micromark-util-resolve-all-2.0.1.tgz 0ms (cache hit)
623 http cache micromark-util-encode@https://registry.npmjs.org/micromark-util-encode/-/micromark-util-encode-2.0.1.tgz 0ms (cache hit)
624 http cache micromark-util-decode-numeric-character-reference@https://registry.npmjs.org/micromark-util-decode-numeric-character-reference/-/micromark-util-decode-numeric-character-reference-2.0.2.tgz 0ms (cache hit)
625 http cache micromark-util-decode-string@https://registry.npmjs.org/micromark-util-decode-string/-/micromark-util-decode-string-2.0.1.tgz 0ms (cache hit)
626 http cache micromark-util-combine-extensions@https://registry.npmjs.org/micromark-util-combine-extensions/-/micromark-util-combine-extensions-2.0.1.tgz 0ms (cache hit)
627 http cache micromark-util-classify-character@https://registry.npmjs.org/micromark-util-classify-character/-/micromark-util-classify-character-2.0.1.tgz 0ms (cache hit)
628 http cache micromark-util-character@https://registry.npmjs.org/micromark-util-character/-/micromark-util-character-2.1.1.tgz 0ms (cache hit)
629 http cache micromark-util-chunked@https://registry.npmjs.org/micromark-util-chunked/-/micromark-util-chunked-2.0.1.tgz 0ms (cache hit)
630 http cache micromark-factory-whitespace@https://registry.npmjs.org/micromark-factory-whitespace/-/micromark-factory-whitespace-2.0.1.tgz 0ms (cache hit)
631 http cache micromark-factory-title@https://registry.npmjs.org/micromark-factory-title/-/micromark-factory-title-2.0.1.tgz 0ms (cache hit)
632 http cache micromark-factory-space@https://registry.npmjs.org/micromark-factory-space/-/micromark-factory-space-2.0.1.tgz 0ms (cache hit)
633 http cache micromark-factory-destination@https://registry.npmjs.org/micromark-factory-destination/-/micromark-factory-destination-2.0.1.tgz 0ms (cache hit)
634 http cache micromark-factory-label@https://registry.npmjs.org/micromark-factory-label/-/micromark-factory-label-2.0.1.tgz 0ms (cache hit)
635 http cache micromark-extension-gfm-task-list-item@https://registry.npmjs.org/micromark-extension-gfm-task-list-item/-/micromark-extension-gfm-task-list-item-2.1.0.tgz 0ms (cache hit)
636 http cache micromark-extension-gfm-tagfilter@https://registry.npmjs.org/micromark-extension-gfm-tagfilter/-/micromark-extension-gfm-tagfilter-2.0.0.tgz 0ms (cache hit)
637 http cache micromark-extension-gfm-strikethrough@https://registry.npmjs.org/micromark-extension-gfm-strikethrough/-/micromark-extension-gfm-strikethrough-2.1.0.tgz 0ms (cache hit)
638 http cache micromark-extension-gfm-table@https://registry.npmjs.org/micromark-extension-gfm-table/-/micromark-extension-gfm-table-2.1.1.tgz 0ms (cache hit)
639 http cache micromark-extension-gfm-footnote@https://registry.npmjs.org/micromark-extension-gfm-footnote/-/micromark-extension-gfm-footnote-2.1.0.tgz 0ms (cache hit)
640 http cache micromark-extension-gfm-autolink-literal@https://registry.npmjs.org/micromark-extension-gfm-autolink-literal/-/micromark-extension-gfm-autolink-literal-2.1.0.tgz 0ms (cache hit)
641 http cache micromark@https://registry.npmjs.org/micromark/-/micromark-4.0.2.tgz 0ms (cache hit)
642 http cache micromark-core-commonmark@https://registry.npmjs.org/micromark-core-commonmark/-/micromark-core-commonmark-2.0.3.tgz 0ms (cache hit)
643 http cache micromark-extension-gfm@https://registry.npmjs.org/micromark-extension-gfm/-/micromark-extension-gfm-3.0.0.tgz 0ms (cache hit)
644 http cache mdn-data@https://registry.npmjs.org/mdn-data/-/mdn-data-2.12.2.tgz 0ms (cache hit)
645 http cache mdast-util-to-string@https://registry.npmjs.org/mdast-util-to-string/-/mdast-util-to-string-4.0.0.tgz 0ms (cache hit)
646 http cache mdast-util-to-markdown@https://registry.npmjs.org/mdast-util-to-markdown/-/mdast-util-to-markdown-2.1.2.tgz 0ms (cache hit)
647 http cache mdast-util-to-hast@https://registry.npmjs.org/mdast-util-to-hast/-/mdast-util-to-hast-13.2.0.tgz 0ms (cache hit)
648 http cache mdast-util-phrasing@https://registry.npmjs.org/mdast-util-phrasing/-/mdast-util-phrasing-4.1.0.tgz 0ms (cache hit)
649 http cache mdast-util-gfm-task-list-item@https://registry.npmjs.org/mdast-util-gfm-task-list-item/-/mdast-util-gfm-task-list-item-2.0.0.tgz 0ms (cache hit)
650 http cache mdast-util-gfm-table@https://registry.npmjs.org/mdast-util-gfm-table/-/mdast-util-gfm-table-2.0.0.tgz 0ms (cache hit)
651 http cache mdast-util-gfm-strikethrough@https://registry.npmjs.org/mdast-util-gfm-strikethrough/-/mdast-util-gfm-strikethrough-2.0.0.tgz 0ms (cache hit)
652 http cache mdast-util-gfm-footnote@https://registry.npmjs.org/mdast-util-gfm-footnote/-/mdast-util-gfm-footnote-2.1.0.tgz 0ms (cache hit)
653 http cache mdast-util-gfm-autolink-literal@https://registry.npmjs.org/mdast-util-gfm-autolink-literal/-/mdast-util-gfm-autolink-literal-2.0.1.tgz 0ms (cache hit)
654 http cache mdast-util-gfm@https://registry.npmjs.org/mdast-util-gfm/-/mdast-util-gfm-3.1.0.tgz 0ms (cache hit)
655 http cache mdast-util-from-markdown@https://registry.npmjs.org/mdast-util-from-markdown/-/mdast-util-from-markdown-2.0.2.tgz 0ms (cache hit)
656 http cache mdast-util-find-and-replace@https://registry.npmjs.org/mdast-util-find-and-replace/-/mdast-util-find-and-replace-3.0.2.tgz 0ms (cache hit)
657 http cache mdast-util-definitions@https://registry.npmjs.org/mdast-util-definitions/-/mdast-util-definitions-6.0.0.tgz 0ms (cache hit)
658 http cache markdown-table@https://registry.npmjs.org/markdown-table/-/markdown-table-3.0.4.tgz 0ms (cache hit)
659 http cache magicast@https://registry.npmjs.org/magicast/-/magicast-0.3.5.tgz 0ms (cache hit)
660 http cache magic-string@https://registry.npmjs.org/magic-string/-/magic-string-0.30.17.tgz 0ms (cache hit)
661 http cache lru-cache@https://registry.npmjs.org/lru-cache/-/lru-cache-10.4.3.tgz 0ms (cache hit)
662 http cache longest-streak@https://registry.npmjs.org/longest-streak/-/longest-streak-3.1.0.tgz 0ms (cache hit)
663 http cache kleur@https://registry.npmjs.org/kleur/-/kleur-4.1.5.tgz 0ms (cache hit)
664 http cache js-yaml@https://registry.npmjs.org/js-yaml/-/js-yaml-4.1.0.tgz 0ms (cache hit)
665 http cache is-wsl@https://registry.npmjs.org/is-wsl/-/is-wsl-3.1.0.tgz 0ms (cache hit)
666 http cache is-plain-obj@https://registry.npmjs.org/is-plain-obj/-/is-plain-obj-4.1.0.tgz 0ms (cache hit)
667 http cache is-inside-container@https://registry.npmjs.org/is-inside-container/-/is-inside-container-1.0.0.tgz 0ms (cache hit)
668 http cache is-fullwidth-code-point@https://registry.npmjs.org/is-fullwidth-code-point/-/is-fullwidth-code-point-3.0.0.tgz 0ms (cache hit)
669 http cache is-docker@https://registry.npmjs.org/is-docker/-/is-docker-3.0.0.tgz 0ms (cache hit)
670 http cache is-arrayish@https://registry.npmjs.org/is-arrayish/-/is-arrayish-0.3.2.tgz 0ms (cache hit)
671 http cache iron-webcrypto@https://registry.npmjs.org/iron-webcrypto/-/iron-webcrypto-1.2.1.tgz 0ms (cache hit)
672 http cache import-meta-resolve@https://registry.npmjs.org/import-meta-resolve/-/import-meta-resolve-4.1.0.tgz 0ms (cache hit)
673 http cache http-cache-semantics@https://registry.npmjs.org/http-cache-semantics/-/http-cache-semantics-4.1.1.tgz 0ms (cache hit)
674 http cache html-void-elements@https://registry.npmjs.org/html-void-elements/-/html-void-elements-3.0.0.tgz 0ms (cache hit)
675 http cache html-escaper@https://registry.npmjs.org/html-escaper/-/html-escaper-3.0.3.tgz 0ms (cache hit)
676 http cache hastscript@https://registry.npmjs.org/hastscript/-/hastscript-9.0.1.tgz 0ms (cache hit)
677 http cache hast-util-whitespace@https://registry.npmjs.org/hast-util-whitespace/-/hast-util-whitespace-3.0.0.tgz 0ms (cache hit)
678 http cache hast-util-to-text@https://registry.npmjs.org/hast-util-to-text/-/hast-util-to-text-4.0.2.tgz 0ms (cache hit)
679 http cache hast-util-to-html@https://registry.npmjs.org/hast-util-to-html/-/hast-util-to-html-9.0.5.tgz 0ms (cache hit)
680 http cache hast-util-raw@https://registry.npmjs.org/hast-util-raw/-/hast-util-raw-9.1.0.tgz 0ms (cache hit)
681 http cache hast-util-to-parse5@https://registry.npmjs.org/hast-util-to-parse5/-/hast-util-to-parse5-8.0.0.tgz 0ms (cache hit)
682 http cache hast-util-is-element@https://registry.npmjs.org/hast-util-is-element/-/hast-util-is-element-3.0.0.tgz 0ms (cache hit)
683 http cache hast-util-parse-selector@https://registry.npmjs.org/hast-util-parse-selector/-/hast-util-parse-selector-4.0.0.tgz 0ms (cache hit)
684 http cache hast-util-from-parse5@https://registry.npmjs.org/hast-util-from-parse5/-/hast-util-from-parse5-8.0.3.tgz 0ms (cache hit)
685 http cache hast-util-from-html@https://registry.npmjs.org/hast-util-from-html/-/hast-util-from-html-2.0.3.tgz 0ms (cache hit)
686 http cache h3@https://registry.npmjs.org/h3/-/h3-1.15.1.tgz 0ms (cache hit)
687 http cache github-slugger@https://registry.npmjs.org/github-slugger/-/github-slugger-2.0.0.tgz 0ms (cache hit)
688 http cache get-east-asian-width@https://registry.npmjs.org/get-east-asian-width/-/get-east-asian-width-1.3.0.tgz 0ms (cache hit)
689 http cache flattie@https://registry.npmjs.org/flattie/-/flattie-1.1.1.tgz 0ms (cache hit)
690 http cache fontkit@https://registry.npmjs.org/fontkit/-/fontkit-2.0.4.tgz 0ms (cache hit)
691 http cache fdir@https://registry.npmjs.org/fdir/-/fdir-6.4.4.tgz 0ms (cache hit)
692 http cache fast-deep-equal@https://registry.npmjs.org/fast-deep-equal/-/fast-deep-equal-3.1.3.tgz 0ms (cache hit)
693 http cache eventemitter3@https://registry.npmjs.org/eventemitter3/-/eventemitter3-5.0.1.tgz 0ms (cache hit)
694 http cache extend@https://registry.npmjs.org/extend/-/extend-3.0.2.tgz 0ms (cache hit)
695 http cache estree-walker@https://registry.npmjs.org/estree-walker/-/estree-walker-3.0.3.tgz 0ms (cache hit)
696 http cache escape-string-regexp@https://registry.npmjs.org/escape-string-regexp/-/escape-string-regexp-5.0.0.tgz 0ms (cache hit)
697 http cache esbuild@https://registry.npmjs.org/esbuild/-/esbuild-0.25.2.tgz 0ms (cache hit)
698 http cache es-module-lexer@https://registry.npmjs.org/es-module-lexer/-/es-module-lexer-1.6.0.tgz 0ms (cache hit)
699 http cache entities@https://registry.npmjs.org/entities/-/entities-4.5.0.tgz 0ms (cache hit)
700 http cache emoji-regex@https://registry.npmjs.org/emoji-regex/-/emoji-regex-10.4.0.tgz 0ms (cache hit)
701 http cache emoji-regex-xs@https://registry.npmjs.org/emoji-regex-xs/-/emoji-regex-xs-1.0.0.tgz 0ms (cache hit)
702 http cache dset@https://registry.npmjs.org/dset/-/dset-3.1.4.tgz 0ms (cache hit)
703 http cache dlv@https://registry.npmjs.org/dlv/-/dlv-1.1.3.tgz 0ms (cache hit)
704 http cache diff@https://registry.npmjs.org/diff/-/diff-5.2.0.tgz 0ms (cache hit)
705 http cache dfa@https://registry.npmjs.org/dfa/-/dfa-1.2.0.tgz 0ms (cache hit)
706 http cache devalue@https://registry.npmjs.org/devalue/-/devalue-5.1.1.tgz 0ms (cache hit)
707 http cache devlop@https://registry.npmjs.org/devlop/-/devlop-1.1.0.tgz 0ms (cache hit)
708 http cache deterministic-object-hash@https://registry.npmjs.org/deterministic-object-hash/-/deterministic-object-hash-2.0.2.tgz 0ms (cache hit)
709 http cache detect-libc@https://registry.npmjs.org/detect-libc/-/detect-libc-2.0.3.tgz 0ms (cache hit)
710 http cache destr@https://registry.npmjs.org/destr/-/destr-2.0.5.tgz 0ms (cache hit)
711 http cache dequal@https://registry.npmjs.org/dequal/-/dequal-2.0.3.tgz 0ms (cache hit)
712 http cache debug@https://registry.npmjs.org/debug/-/debug-4.4.0.tgz 0ms (cache hit)
713 http cache cssesc@https://registry.npmjs.org/cssesc/-/cssesc-3.0.0.tgz 0ms (cache hit)
714 http cache decode-named-character-reference@https://registry.npmjs.org/decode-named-character-reference/-/decode-named-character-reference-1.1.0.tgz 0ms (cache hit)
715 http cache defu@https://registry.npmjs.org/defu/-/defu-6.1.4.tgz 0ms (cache hit)
716 http cache css-tree@https://registry.npmjs.org/css-tree/-/css-tree-3.1.0.tgz 0ms (cache hit)
717 http cache cookie-es@https://registry.npmjs.org/cookie-es/-/cookie-es-1.2.2.tgz 0ms (cache hit)
718 http cache cross-fetch@https://registry.npmjs.org/cross-fetch/-/cross-fetch-3.2.0.tgz 0ms (cache hit)
719 http cache crossws@https://registry.npmjs.org/crossws/-/crossws-0.3.4.tgz 0ms (cache hit)
720 http cache cookie@https://registry.npmjs.org/cookie/-/cookie-1.0.2.tgz 0ms (cache hit)
721 http cache common-ancestor-path@https://registry.npmjs.org/common-ancestor-path/-/common-ancestor-path-1.0.1.tgz 0ms (cache hit)
722 http cache comma-separated-tokens@https://registry.npmjs.org/comma-separated-tokens/-/comma-separated-tokens-2.0.3.tgz 0ms (cache hit)
723 http cache color-string@https://registry.npmjs.org/color-string/-/color-string-1.9.1.tgz 0ms (cache hit)
724 http cache color-name@https://registry.npmjs.org/color-name/-/color-name-1.1.4.tgz 0ms (cache hit)
725 http cache color-convert@https://registry.npmjs.org/color-convert/-/color-convert-2.0.1.tgz 0ms (cache hit)
726 http cache cli-boxes@https://registry.npmjs.org/cli-boxes/-/cli-boxes-3.0.0.tgz 0ms (cache hit)
727 http cache color@https://registry.npmjs.org/color/-/color-4.2.3.tgz 0ms (cache hit)
728 http cache ci-info@https://registry.npmjs.org/ci-info/-/ci-info-4.2.0.tgz 0ms (cache hit)
729 http cache chokidar@https://registry.npmjs.org/chokidar/-/chokidar-4.0.3.tgz 0ms (cache hit)
730 http cache clone@https://registry.npmjs.org/clone/-/clone-2.1.2.tgz 0ms (cache hit)
731 http cache character-entities-legacy@https://registry.npmjs.org/character-entities-legacy/-/character-entities-legacy-3.0.0.tgz 0ms (cache hit)
732 http cache character-entities-html4@https://registry.npmjs.org/character-entities-html4/-/character-entities-html4-2.1.0.tgz 0ms (cache hit)
733 http cache chalk@https://registry.npmjs.org/chalk/-/chalk-5.4.1.tgz 0ms (cache hit)
734 http cache character-entities@https://registry.npmjs.org/character-entities/-/character-entities-2.0.2.tgz 0ms (cache hit)
735 http cache ccount@https://registry.npmjs.org/ccount/-/ccount-2.0.1.tgz 0ms (cache hit)
736 http cache clsx@https://registry.npmjs.org/clsx/-/clsx-2.1.1.tgz 0ms (cache hit)
737 http cache camelcase@https://registry.npmjs.org/camelcase/-/camelcase-8.0.0.tgz 0ms (cache hit)
738 http cache brotli@https://registry.npmjs.org/brotli/-/brotli-1.3.3.tgz 0ms (cache hit)
739 http cache boxen@https://registry.npmjs.org/boxen/-/boxen-8.0.1.tgz 0ms (cache hit)
740 http cache blob-to-buffer@https://registry.npmjs.org/blob-to-buffer/-/blob-to-buffer-1.2.9.tgz 0ms (cache hit)
741 http cache base64-js@https://registry.npmjs.org/base64-js/-/base64-js-1.5.1.tgz 0ms (cache hit)
742 http cache base-64@https://registry.npmjs.org/base-64/-/base-64-1.0.0.tgz 0ms (cache hit)
743 http cache bail@https://registry.npmjs.org/bail/-/bail-2.0.2.tgz 0ms (cache hit)
744 http cache axobject-query@https://registry.npmjs.org/axobject-query/-/axobject-query-4.1.0.tgz 0ms (cache hit)
745 http cache astro@https://registry.npmjs.org/astro/-/astro-5.7.4.tgz 0ms (cache hit)
746 http cache array-iterate@https://registry.npmjs.org/array-iterate/-/array-iterate-2.0.1.tgz 0ms (cache hit)
747 http cache aria-query@https://registry.npmjs.org/aria-query/-/aria-query-5.3.2.tgz 0ms (cache hit)
748 http cache argparse@https://registry.npmjs.org/argparse/-/argparse-2.0.1.tgz 0ms (cache hit)
749 http cache ansi-styles@https://registry.npmjs.org/ansi-styles/-/ansi-styles-6.2.1.tgz 0ms (cache hit)
750 http cache anymatch@https://registry.npmjs.org/anymatch/-/anymatch-3.1.3.tgz 0ms (cache hit)
751 http cache ansi-regex@https://registry.npmjs.org/ansi-regex/-/ansi-regex-6.1.0.tgz 0ms (cache hit)
752 http cache ansi-align@https://registry.npmjs.org/ansi-align/-/ansi-align-3.0.1.tgz 0ms (cache hit)
753 http cache estree-walker@https://registry.npmjs.org/estree-walker/-/estree-walker-2.0.2.tgz 0ms (cache hit)
754 http cache acorn@https://registry.npmjs.org/acorn/-/acorn-8.14.1.tgz 0ms (cache hit)
755 http cache kleur@https://registry.npmjs.org/kleur/-/kleur-3.0.3.tgz 0ms (cache hit)
756 http cache property-information@https://registry.npmjs.org/property-information/-/property-information-6.5.0.tgz 0ms (cache hit)
757 http cache strip-ansi@https://registry.npmjs.org/strip-ansi/-/strip-ansi-6.0.1.tgz 0ms (cache hit)
758 http cache picomatch@https://registry.npmjs.org/picomatch/-/picomatch-2.3.1.tgz 0ms (cache hit)
759 http cache string-width@https://registry.npmjs.org/string-width/-/string-width-4.2.3.tgz 0ms (cache hit)
760 http cache emoji-regex@https://registry.npmjs.org/emoji-regex/-/emoji-regex-8.0.0.tgz 0ms (cache hit)
761 http cache ansi-regex@https://registry.npmjs.org/ansi-regex/-/ansi-regex-5.0.1.tgz 0ms (cache hit)
762 silly tarball no local data for @swc/helpers@https://registry.npmjs.org/@swc/helpers/-/helpers-0.5.17.tgz. Extracting by manifest.
763 silly tarball no local data for @ungap/structured-clone@https://registry.npmjs.org/@ungap/structured-clone/-/structured-clone-1.3.0.tgz. Extracting by manifest.
764 silly tarball no local data for @types/unist@https://registry.npmjs.org/@types/unist/-/unist-3.0.3.tgz. Extracting by manifest.
765 silly tarball no local data for @types/ms@https://registry.npmjs.org/@types/ms/-/ms-2.1.0.tgz. Extracting by manifest.
766 silly tarball no local data for @types/nlcst@https://registry.npmjs.org/@types/nlcst/-/nlcst-2.0.3.tgz. Extracting by manifest.
767 silly tarball no local data for @types/hast@https://registry.npmjs.org/@types/hast/-/hast-3.0.4.tgz. Extracting by manifest.
768 silly tarball no local data for @types/mdast@https://registry.npmjs.org/@types/mdast/-/mdast-4.0.4.tgz. Extracting by manifest.
769 silly tarball no local data for @types/estree@https://registry.npmjs.org/@types/estree/-/estree-1.0.7.tgz. Extracting by manifest.
770 silly tarball no local data for @types/debug@https://registry.npmjs.org/@types/debug/-/debug-4.1.12.tgz. Extracting by manifest.
771 silly tarball no local data for @shikijs/types@https://registry.npmjs.org/@shikijs/types/-/types-3.2.2.tgz. Extracting by manifest.
772 silly tarball no local data for @shikijs/themes@https://registry.npmjs.org/@shikijs/themes/-/themes-3.2.2.tgz. Extracting by manifest.
773 silly tarball no local data for @shikijs/vscode-textmate@https://registry.npmjs.org/@shikijs/vscode-textmate/-/vscode-textmate-10.0.2.tgz. Extracting by manifest.
774 silly tarball no local data for @shikijs/langs@https://registry.npmjs.org/@shikijs/langs/-/langs-3.2.2.tgz. Extracting by manifest.
775 silly tarball no local data for @shikijs/engine-oniguruma@https://registry.npmjs.org/@shikijs/engine-oniguruma/-/engine-oniguruma-3.2.2.tgz. Extracting by manifest.
776 silly tarball no local data for @shikijs/engine-javascript@https://registry.npmjs.org/@shikijs/engine-javascript/-/engine-javascript-3.2.2.tgz. Extracting by manifest.
777 silly tarball no local data for @shikijs/core@https://registry.npmjs.org/@shikijs/core/-/core-3.2.2.tgz. Extracting by manifest.
778 silly tarball no local data for @rollup/rollup-linux-x64-musl@https://registry.npmjs.org/@rollup/rollup-linux-x64-musl/-/rollup-linux-x64-musl-4.40.0.tgz. Extracting by manifest.
779 silly tarball no local data for @rollup/rollup-linux-x64-gnu@https://registry.npmjs.org/@rollup/rollup-linux-x64-gnu/-/rollup-linux-x64-gnu-4.40.0.tgz. Extracting by manifest.
780 silly tarball no local data for @oslojs/encoding@https://registry.npmjs.org/@oslojs/encoding/-/encoding-1.1.0.tgz. Extracting by manifest.
781 silly tarball no local data for @rollup/pluginutils@https://registry.npmjs.org/@rollup/pluginutils/-/pluginutils-5.1.4.tgz. Extracting by manifest.
782 silly tarball no local data for @jridgewell/sourcemap-codec@https://registry.npmjs.org/@jridgewell/sourcemap-codec/-/sourcemap-codec-1.5.0.tgz. Extracting by manifest.
783 silly tarball no local data for @img/sharp-linuxmusl-x64@https://registry.npmjs.org/@img/sharp-linuxmusl-x64/-/sharp-linuxmusl-x64-0.33.5.tgz. Extracting by manifest.
784 silly tarball no local data for @img/sharp-linux-x64@https://registry.npmjs.org/@img/sharp-linux-x64/-/sharp-linux-x64-0.33.5.tgz. Extracting by manifest.
785 silly tarball no local data for @emnapi/runtime@https://registry.npmjs.org/@emnapi/runtime/-/runtime-1.4.3.tgz. Extracting by manifest.
786 silly tarball no local data for @img/sharp-libvips-linuxmusl-x64@https://registry.npmjs.org/@img/sharp-libvips-linuxmusl-x64/-/sharp-libvips-linuxmusl-x64-1.0.4.tgz. Extracting by manifest.
787 silly tarball no local data for @img/sharp-libvips-linux-x64@https://registry.npmjs.org/@img/sharp-libvips-linux-x64/-/sharp-libvips-linux-x64-1.0.4.tgz. Extracting by manifest.
788 silly tarball no local data for @esbuild/linux-x64@https://registry.npmjs.org/@esbuild/linux-x64/-/linux-x64-0.25.2.tgz. Extracting by manifest.
789 silly tarball no local data for @capsizecss/unpack@https://registry.npmjs.org/@capsizecss/unpack/-/unpack-2.4.0.tgz. Extracting by manifest.
790 silly tarball no local data for @astrojs/prism@https://registry.npmjs.org/@astrojs/prism/-/prism-3.2.0.tgz. Extracting by manifest.
791 silly tarball no local data for @astrojs/telemetry@https://registry.npmjs.org/@astrojs/telemetry/-/telemetry-3.2.0.tgz. Extracting by manifest.
792 silly tarball no local data for @astrojs/internal-helpers@https://registry.npmjs.org/@astrojs/internal-helpers/-/internal-helpers-0.6.1.tgz. Extracting by manifest.
793 silly tarball no local data for @astrojs/markdown-remark@https://registry.npmjs.org/@astrojs/markdown-remark/-/markdown-remark-6.3.1.tgz. Extracting by manifest.
794 silly tarball no local data for @astrojs/compiler@https://registry.npmjs.org/@astrojs/compiler/-/compiler-2.11.0.tgz. Extracting by manifest.
795 silly tarball no local data for @babel/parser@https://registry.npmjs.org/@babel/parser/-/parser-7.27.0.tgz. Extracting by manifest.
796 silly tarball no local data for @babel/helper-validator-identifier@https://registry.npmjs.org/@babel/helper-validator-identifier/-/helper-validator-identifier-7.25.9.tgz. Extracting by manifest.
797 silly tarball no local data for @babel/helper-string-parser@https://registry.npmjs.org/@babel/helper-string-parser/-/helper-string-parser-7.25.9.tgz. Extracting by manifest.
798 silly tarball no local data for @babel/types@https://registry.npmjs.org/@babel/types/-/types-7.27.0.tgz. Extracting by manifest.
799 silly tarball no local data for zwitch@https://registry.npmjs.org/zwitch/-/zwitch-2.0.4.tgz. Extracting by manifest.
800 silly tarball no local data for zod-to-ts@https://registry.npmjs.org/zod-to-ts/-/zod-to-ts-1.2.0.tgz. Extracting by manifest.
801 silly tarball no local data for zod@https://registry.npmjs.org/zod/-/zod-3.24.3.tgz. Extracting by manifest.
802 silly tarball no local data for zod-to-json-schema@https://registry.npmjs.org/zod-to-json-schema/-/zod-to-json-schema-3.24.5.tgz. Extracting by manifest.
803 silly tarball no local data for yoctocolors@https://registry.npmjs.org/yoctocolors/-/yoctocolors-2.1.1.tgz. Extracting by manifest.
804 silly tarball no local data for yocto-spinner@https://registry.npmjs.org/yocto-spinner/-/yocto-spinner-0.2.2.tgz. Extracting by manifest.
805 silly tarball no local data for yocto-queue@https://registry.npmjs.org/yocto-queue/-/yocto-queue-1.2.1.tgz. Extracting by manifest.
806 silly tarball no local data for yargs-parser@https://registry.npmjs.org/yargs-parser/-/yargs-parser-21.1.1.tgz. Extracting by manifest.
807 silly tarball no local data for xxhash-wasm@https://registry.npmjs.org/xxhash-wasm/-/xxhash-wasm-1.1.0.tgz. Extracting by manifest.
808 silly tarball no local data for wrap-ansi@https://registry.npmjs.org/wrap-ansi/-/wrap-ansi-9.0.0.tgz. Extracting by manifest.
809 silly tarball no local data for widest-line@https://registry.npmjs.org/widest-line/-/widest-line-5.0.0.tgz. Extracting by manifest.
810 silly tarball no local data for webidl-conversions@https://registry.npmjs.org/webidl-conversions/-/webidl-conversions-3.0.1.tgz. Extracting by manifest.
811 silly tarball no local data for whatwg-url@https://registry.npmjs.org/whatwg-url/-/whatwg-url-5.0.0.tgz. Extracting by manifest.
812 silly tarball no local data for web-namespaces@https://registry.npmjs.org/web-namespaces/-/web-namespaces-2.0.1.tgz. Extracting by manifest.
813 silly tarball no local data for which-pm-runs@https://registry.npmjs.org/which-pm-runs/-/which-pm-runs-1.1.0.tgz. Extracting by manifest.
814 silly tarball no local data for vitefu@https://registry.npmjs.org/vitefu/-/vitefu-1.0.6.tgz. Extracting by manifest.
815 silly tarball no local data for vfile-message@https://registry.npmjs.org/vfile-message/-/vfile-message-4.0.2.tgz. Extracting by manifest.
816 silly tarball no local data for vite@https://registry.npmjs.org/vite/-/vite-6.3.2.tgz. Extracting by manifest.
817 silly tarball no local data for vfile@https://registry.npmjs.org/vfile/-/vfile-6.0.3.tgz. Extracting by manifest.
818 silly tarball no local data for vfile-location@https://registry.npmjs.org/vfile-location/-/vfile-location-5.0.3.tgz. Extracting by manifest.
819 silly tarball no local data for unstorage@https://registry.npmjs.org/unstorage/-/unstorage-1.15.0.tgz. Extracting by manifest.
820 silly tarball no local data for unist-util-visit-parents@https://registry.npmjs.org/unist-util-visit-parents/-/unist-util-visit-parents-6.0.1.tgz. Extracting by manifest.
821 silly tarball no local data for unist-util-stringify-position@https://registry.npmjs.org/unist-util-stringify-position/-/unist-util-stringify-position-4.0.0.tgz. Extracting by manifest.
822 silly tarball no local data for unist-util-visit@https://registry.npmjs.org/unist-util-visit/-/unist-util-visit-5.0.0.tgz. Extracting by manifest.
823 silly tarball no local data for unist-util-visit-children@https://registry.npmjs.org/unist-util-visit-children/-/unist-util-visit-children-3.0.0.tgz. Extracting by manifest.
824 silly tarball no local data for unist-util-position@https://registry.npmjs.org/unist-util-position/-/unist-util-position-5.0.0.tgz. Extracting by manifest.
825 silly tarball no local data for unist-util-remove-position@https://registry.npmjs.org/unist-util-remove-position/-/unist-util-remove-position-5.0.0.tgz. Extracting by manifest.
826 silly tarball no local data for unist-util-modify-children@https://registry.npmjs.org/unist-util-modify-children/-/unist-util-modify-children-4.0.0.tgz. Extracting by manifest.
827 silly tarball no local data for unist-util-is@https://registry.npmjs.org/unist-util-is/-/unist-util-is-6.0.0.tgz. Extracting by manifest.
828 silly tarball no local data for unifont@https://registry.npmjs.org/unifont/-/unifont-0.2.0.tgz. Extracting by manifest.
829 silly tarball no local data for unist-util-find-after@https://registry.npmjs.org/unist-util-find-after/-/unist-util-find-after-5.0.0.tgz. Extracting by manifest.
830 silly tarball no local data for unicode-trie@https://registry.npmjs.org/unicode-trie/-/unicode-trie-2.0.0.tgz. Extracting by manifest.
831 silly tarball no local data for unified@https://registry.npmjs.org/unified/-/unified-11.0.5.tgz. Extracting by manifest.
832 silly tarball no local data for unicode-properties@https://registry.npmjs.org/unicode-properties/-/unicode-properties-1.4.1.tgz. Extracting by manifest.
833 silly tarball no local data for uncrypto@https://registry.npmjs.org/uncrypto/-/uncrypto-0.1.3.tgz. Extracting by manifest.
834 silly tarball no local data for ultrahtml@https://registry.npmjs.org/ultrahtml/-/ultrahtml-1.6.0.tgz. Extracting by manifest.
835 silly tarball no local data for typescript@https://registry.npmjs.org/typescript/-/typescript-5.8.3.tgz. Extracting by manifest.
836 silly tarball no local data for ufo@https://registry.npmjs.org/ufo/-/ufo-1.6.1.tgz. Extracting by manifest.
837 silly tarball no local data for tslib@https://registry.npmjs.org/tslib/-/tslib-2.8.1.tgz. Extracting by manifest.
838 silly tarball no local data for tsconfck@https://registry.npmjs.org/tsconfck/-/tsconfck-3.1.5.tgz. Extracting by manifest.
839 silly tarball no local data for type-fest@https://registry.npmjs.org/type-fest/-/type-fest-4.40.0.tgz. Extracting by manifest.
840 silly tarball no local data for trough@https://registry.npmjs.org/trough/-/trough-2.2.0.tgz. Extracting by manifest.
841 silly tarball no local data for trim-lines@https://registry.npmjs.org/trim-lines/-/trim-lines-3.0.1.tgz. Extracting by manifest.
842 silly tarball no local data for tr46@https://registry.npmjs.org/tr46/-/tr46-0.0.3.tgz. Extracting by manifest.
843 silly tarball no local data for tinyglobby@https://registry.npmjs.org/tinyglobby/-/tinyglobby-0.2.13.tgz. Extracting by manifest.
844 silly tarball no local data for tiny-inflate@https://registry.npmjs.org/tiny-inflate/-/tiny-inflate-1.0.3.tgz. Extracting by manifest.
845 silly tarball no local data for tinyexec@https://registry.npmjs.org/tinyexec/-/tinyexec-0.3.2.tgz. Extracting by manifest.
846 silly tarball no local data for strip-ansi@https://registry.npmjs.org/strip-ansi/-/strip-ansi-7.1.0.tgz. Extracting by manifest.
847 silly tarball no local data for stringify-entities@https://registry.npmjs.org/stringify-entities/-/stringify-entities-4.0.4.tgz. Extracting by manifest.
848 silly tarball no local data for string-width@https://registry.npmjs.org/string-width/-/string-width-7.2.0.tgz. Extracting by manifest.
849 silly tarball no local data for space-separated-tokens@https://registry.npmjs.org/space-separated-tokens/-/space-separated-tokens-2.0.2.tgz. Extracting by manifest.
850 silly tarball no local data for smol-toml@https://registry.npmjs.org/smol-toml/-/smol-toml-1.3.3.tgz. Extracting by manifest.
851 silly tarball no local data for source-map-js@https://registry.npmjs.org/source-map-js/-/source-map-js-1.2.1.tgz. Extracting by manifest.
852 silly tarball no local data for sisteransi@https://registry.npmjs.org/sisteransi/-/sisteransi-1.0.5.tgz. Extracting by manifest.
853 silly tarball no local data for simple-swizzle@https://registry.npmjs.org/simple-swizzle/-/simple-swizzle-0.2.2.tgz. Extracting by manifest.
854 silly tarball no local data for sharp@https://registry.npmjs.org/sharp/-/sharp-0.33.5.tgz. Extracting by manifest.
855 silly tarball no local data for semver@https://registry.npmjs.org/semver/-/semver-7.7.1.tgz. Extracting by manifest.
856 silly tarball no local data for shiki@https://registry.npmjs.org/shiki/-/shiki-3.2.2.tgz. Extracting by manifest.
857 silly tarball no local data for rollup@https://registry.npmjs.org/rollup/-/rollup-4.40.0.tgz. Extracting by manifest.
858 silly tarball no local data for retext-stringify@https://registry.npmjs.org/retext-stringify/-/retext-stringify-4.0.0.tgz. Extracting by manifest.
859 silly tarball no local data for retext-smartypants@https://registry.npmjs.org/retext-smartypants/-/retext-smartypants-6.2.0.tgz. Extracting by manifest.
860 silly tarball no local data for retext-latin@https://registry.npmjs.org/retext-latin/-/retext-latin-4.0.0.tgz. Extracting by manifest.
861 silly tarball no local data for retext@https://registry.npmjs.org/retext/-/retext-9.0.0.tgz. Extracting by manifest.
862 silly tarball no local data for remark-smartypants@https://registry.npmjs.org/remark-smartypants/-/remark-smartypants-3.0.2.tgz. Extracting by manifest.
863 silly tarball no local data for remark-stringify@https://registry.npmjs.org/remark-stringify/-/remark-stringify-11.0.0.tgz. Extracting by manifest.
864 silly tarball no local data for restructure@https://registry.npmjs.org/restructure/-/restructure-3.0.2.tgz. Extracting by manifest.
865 silly tarball no local data for remark-rehype@https://registry.npmjs.org/remark-rehype/-/remark-rehype-11.1.2.tgz. Extracting by manifest.
866 silly tarball no local data for remark-parse@https://registry.npmjs.org/remark-parse/-/remark-parse-11.0.0.tgz. Extracting by manifest.
867 silly tarball no local data for remark-gfm@https://registry.npmjs.org/remark-gfm/-/remark-gfm-4.0.1.tgz. Extracting by manifest.
868 silly tarball no local data for rehype-stringify@https://registry.npmjs.org/rehype-stringify/-/rehype-stringify-10.0.1.tgz. Extracting by manifest.
869 silly tarball no local data for rehype-raw@https://registry.npmjs.org/rehype-raw/-/rehype-raw-7.0.0.tgz. Extracting by manifest.
870 silly tarball no local data for rehype-parse@https://registry.npmjs.org/rehype-parse/-/rehype-parse-9.0.1.tgz. Extracting by manifest.
871 silly tarball no local data for rehype@https://registry.npmjs.org/rehype/-/rehype-13.0.2.tgz. Extracting by manifest.
872 silly tarball no local data for regex-recursion@https://registry.npmjs.org/regex-recursion/-/regex-recursion-6.0.2.tgz. Extracting by manifest.
873 silly tarball no local data for regex@https://registry.npmjs.org/regex/-/regex-6.0.1.tgz. Extracting by manifest.
874 silly tarball no local data for regex-utilities@https://registry.npmjs.org/regex-utilities/-/regex-utilities-2.3.0.tgz. Extracting by manifest.
875 silly tarball no local data for readdirp@https://registry.npmjs.org/readdirp/-/readdirp-4.1.2.tgz. Extracting by manifest.
876 silly tarball no local data for prompts@https://registry.npmjs.org/prompts/-/prompts-2.4.2.tgz. Extracting by manifest.
877 silly tarball no local data for radix3@https://registry.npmjs.org/radix3/-/radix3-1.1.2.tgz. Extracting by manifest.
878 silly tarball no local data for property-information@https://registry.npmjs.org/property-information/-/property-information-7.0.0.tgz. Extracting by manifest.
879 silly tarball no local data for prismjs@https://registry.npmjs.org/prismjs/-/prismjs-1.30.0.tgz. Extracting by manifest.
880 silly tarball no local data for postcss@https://registry.npmjs.org/postcss/-/postcss-8.5.3.tgz. Extracting by manifest.
881 silly tarball no local data for picomatch@https://registry.npmjs.org/picomatch/-/picomatch-4.0.2.tgz. Extracting by manifest.
882 silly tarball no local data for picocolors@https://registry.npmjs.org/picocolors/-/picocolors-1.1.1.tgz. Extracting by manifest.
883 silly tarball no local data for parse5@https://registry.npmjs.org/parse5/-/parse5-7.2.1.tgz. Extracting by manifest.
884 silly tarball no local data for parse-latin@https://registry.npmjs.org/parse-latin/-/parse-latin-7.0.0.tgz. Extracting by manifest.
885 silly tarball no local data for pako@https://registry.npmjs.org/pako/-/pako-0.2.9.tgz. Extracting by manifest.
886 silly tarball no local data for p-timeout@https://registry.npmjs.org/p-timeout/-/p-timeout-6.1.4.tgz. Extracting by manifest.
887 silly tarball no local data for package-manager-detector@https://registry.npmjs.org/package-manager-detector/-/package-manager-detector-1.2.0.tgz. Extracting by manifest.
888 silly tarball no local data for p-queue@https://registry.npmjs.org/p-queue/-/p-queue-8.1.0.tgz. Extracting by manifest.
889 silly tarball no local data for p-limit@https://registry.npmjs.org/p-limit/-/p-limit-6.2.0.tgz. Extracting by manifest.
890 silly tarball no local data for oniguruma-to-es@https://registry.npmjs.org/oniguruma-to-es/-/oniguruma-to-es-4.2.0.tgz. Extracting by manifest.
891 silly tarball no local data for oniguruma-parser@https://registry.npmjs.org/oniguruma-parser/-/oniguruma-parser-0.11.2.tgz. Extracting by manifest.
892 silly tarball no local data for ohash@https://registry.npmjs.org/ohash/-/ohash-2.0.11.tgz. Extracting by manifest.
893 silly tarball no local data for ofetch@https://registry.npmjs.org/ofetch/-/ofetch-1.4.1.tgz. Extracting by manifest.
894 silly tarball no local data for node-mock-http@https://registry.npmjs.org/node-mock-http/-/node-mock-http-1.0.0.tgz. Extracting by manifest.
895 silly tarball no local data for normalize-path@https://registry.npmjs.org/normalize-path/-/normalize-path-3.0.0.tgz. Extracting by manifest.
896 silly tarball no local data for node-fetch-native@https://registry.npmjs.org/node-fetch-native/-/node-fetch-native-1.6.6.tgz. Extracting by manifest.
897 silly tarball no local data for node-fetch@https://registry.npmjs.org/node-fetch/-/node-fetch-2.7.0.tgz. Extracting by manifest.
898 silly tarball no local data for neotraverse@https://registry.npmjs.org/neotraverse/-/neotraverse-0.6.18.tgz. Extracting by manifest.
899 silly tarball no local data for nlcst-to-string@https://registry.npmjs.org/nlcst-to-string/-/nlcst-to-string-4.0.0.tgz. Extracting by manifest.
900 silly tarball no local data for mrmime@https://registry.npmjs.org/mrmime/-/mrmime-2.0.1.tgz. Extracting by manifest.
901 silly tarball no local data for ms@https://registry.npmjs.org/ms/-/ms-2.1.3.tgz. Extracting by manifest.
902 silly tarball no local data for nanoid@https://registry.npmjs.org/nanoid/-/nanoid-3.3.11.tgz. Extracting by manifest.
903 silly tarball no local data for micromark-util-types@https://registry.npmjs.org/micromark-util-types/-/micromark-util-types-2.0.2.tgz. Extracting by manifest.
904 silly tarball no local data for micromark-util-symbol@https://registry.npmjs.org/micromark-util-symbol/-/micromark-util-symbol-2.0.1.tgz. Extracting by manifest.
905 silly tarball no local data for micromark-util-subtokenize@https://registry.npmjs.org/micromark-util-subtokenize/-/micromark-util-subtokenize-2.1.0.tgz. Extracting by manifest.
906 silly tarball no local data for micromark-util-sanitize-uri@https://registry.npmjs.org/micromark-util-sanitize-uri/-/micromark-util-sanitize-uri-2.0.1.tgz. Extracting by manifest.
907 silly tarball no local data for micromark-util-html-tag-name@https://registry.npmjs.org/micromark-util-html-tag-name/-/micromark-util-html-tag-name-2.0.1.tgz. Extracting by manifest.
908 silly tarball no local data for micromark-util-normalize-identifier@https://registry.npmjs.org/micromark-util-normalize-identifier/-/micromark-util-normalize-identifier-2.0.1.tgz. Extracting by manifest.
909 silly tarball no local data for micromark-util-resolve-all@https://registry.npmjs.org/micromark-util-resolve-all/-/micromark-util-resolve-all-2.0.1.tgz. Extracting by manifest.
910 silly tarball no local data for micromark-util-encode@https://registry.npmjs.org/micromark-util-encode/-/micromark-util-encode-2.0.1.tgz. Extracting by manifest.
911 silly tarball no local data for micromark-util-decode-numeric-character-reference@https://registry.npmjs.org/micromark-util-decode-numeric-character-reference/-/micromark-util-decode-numeric-character-reference-2.0.2.tgz. Extracting by manifest.
912 silly tarball no local data for micromark-util-decode-string@https://registry.npmjs.org/micromark-util-decode-string/-/micromark-util-decode-string-2.0.1.tgz. Extracting by manifest.
913 silly tarball no local data for micromark-util-combine-extensions@https://registry.npmjs.org/micromark-util-combine-extensions/-/micromark-util-combine-extensions-2.0.1.tgz. Extracting by manifest.
914 silly tarball no local data for micromark-util-classify-character@https://registry.npmjs.org/micromark-util-classify-character/-/micromark-util-classify-character-2.0.1.tgz. Extracting by manifest.
915 silly tarball no local data for micromark-util-character@https://registry.npmjs.org/micromark-util-character/-/micromark-util-character-2.1.1.tgz. Extracting by manifest.
916 silly tarball no local data for micromark-util-chunked@https://registry.npmjs.org/micromark-util-chunked/-/micromark-util-chunked-2.0.1.tgz. Extracting by manifest.
917 silly tarball no local data for micromark-factory-whitespace@https://registry.npmjs.org/micromark-factory-whitespace/-/micromark-factory-whitespace-2.0.1.tgz. Extracting by manifest.
918 silly tarball no local data for micromark-factory-title@https://registry.npmjs.org/micromark-factory-title/-/micromark-factory-title-2.0.1.tgz. Extracting by manifest.
919 silly tarball no local data for micromark-factory-space@https://registry.npmjs.org/micromark-factory-space/-/micromark-factory-space-2.0.1.tgz. Extracting by manifest.
920 silly tarball no local data for micromark-factory-destination@https://registry.npmjs.org/micromark-factory-destination/-/micromark-factory-destination-2.0.1.tgz. Extracting by manifest.
921 silly tarball no local data for micromark-factory-label@https://registry.npmjs.org/micromark-factory-label/-/micromark-factory-label-2.0.1.tgz. Extracting by manifest.
922 silly tarball no local data for micromark-extension-gfm-task-list-item@https://registry.npmjs.org/micromark-extension-gfm-task-list-item/-/micromark-extension-gfm-task-list-item-2.1.0.tgz. Extracting by manifest.
923 silly tarball no local data for micromark-extension-gfm-tagfilter@https://registry.npmjs.org/micromark-extension-gfm-tagfilter/-/micromark-extension-gfm-tagfilter-2.0.0.tgz. Extracting by manifest.
924 silly tarball no local data for micromark-extension-gfm-strikethrough@https://registry.npmjs.org/micromark-extension-gfm-strikethrough/-/micromark-extension-gfm-strikethrough-2.1.0.tgz. Extracting by manifest.
925 silly tarball no local data for micromark-extension-gfm-table@https://registry.npmjs.org/micromark-extension-gfm-table/-/micromark-extension-gfm-table-2.1.1.tgz. Extracting by manifest.
926 silly tarball no local data for micromark-extension-gfm-footnote@https://registry.npmjs.org/micromark-extension-gfm-footnote/-/micromark-extension-gfm-footnote-2.1.0.tgz. Extracting by manifest.
927 silly tarball no local data for micromark-extension-gfm-autolink-literal@https://registry.npmjs.org/micromark-extension-gfm-autolink-literal/-/micromark-extension-gfm-autolink-literal-2.1.0.tgz. Extracting by manifest.
928 silly tarball no local data for micromark@https://registry.npmjs.org/micromark/-/micromark-4.0.2.tgz. Extracting by manifest.
929 silly tarball no local data for micromark-core-commonmark@https://registry.npmjs.org/micromark-core-commonmark/-/micromark-core-commonmark-2.0.3.tgz. Extracting by manifest.
930 silly tarball no local data for micromark-extension-gfm@https://registry.npmjs.org/micromark-extension-gfm/-/micromark-extension-gfm-3.0.0.tgz. Extracting by manifest.
931 silly tarball no local data for mdn-data@https://registry.npmjs.org/mdn-data/-/mdn-data-2.12.2.tgz. Extracting by manifest.
932 silly tarball no local data for mdast-util-to-string@https://registry.npmjs.org/mdast-util-to-string/-/mdast-util-to-string-4.0.0.tgz. Extracting by manifest.
933 silly tarball no local data for mdast-util-to-markdown@https://registry.npmjs.org/mdast-util-to-markdown/-/mdast-util-to-markdown-2.1.2.tgz. Extracting by manifest.
934 silly tarball no local data for mdast-util-to-hast@https://registry.npmjs.org/mdast-util-to-hast/-/mdast-util-to-hast-13.2.0.tgz. Extracting by manifest.
935 silly tarball no local data for mdast-util-phrasing@https://registry.npmjs.org/mdast-util-phrasing/-/mdast-util-phrasing-4.1.0.tgz. Extracting by manifest.
936 silly tarball no local data for mdast-util-gfm-task-list-item@https://registry.npmjs.org/mdast-util-gfm-task-list-item/-/mdast-util-gfm-task-list-item-2.0.0.tgz. Extracting by manifest.
937 silly tarball no local data for mdast-util-gfm-table@https://registry.npmjs.org/mdast-util-gfm-table/-/mdast-util-gfm-table-2.0.0.tgz. Extracting by manifest.
938 silly tarball no local data for mdast-util-gfm-strikethrough@https://registry.npmjs.org/mdast-util-gfm-strikethrough/-/mdast-util-gfm-strikethrough-2.0.0.tgz. Extracting by manifest.
939 silly tarball no local data for mdast-util-gfm-footnote@https://registry.npmjs.org/mdast-util-gfm-footnote/-/mdast-util-gfm-footnote-2.1.0.tgz. Extracting by manifest.
940 silly tarball no local data for mdast-util-gfm-autolink-literal@https://registry.npmjs.org/mdast-util-gfm-autolink-literal/-/mdast-util-gfm-autolink-literal-2.0.1.tgz. Extracting by manifest.
941 silly tarball no local data for mdast-util-gfm@https://registry.npmjs.org/mdast-util-gfm/-/mdast-util-gfm-3.1.0.tgz. Extracting by manifest.
942 silly tarball no local data for mdast-util-from-markdown@https://registry.npmjs.org/mdast-util-from-markdown/-/mdast-util-from-markdown-2.0.2.tgz. Extracting by manifest.
943 silly tarball no local data for mdast-util-find-and-replace@https://registry.npmjs.org/mdast-util-find-and-replace/-/mdast-util-find-and-replace-3.0.2.tgz. Extracting by manifest.
944 silly tarball no local data for mdast-util-definitions@https://registry.npmjs.org/mdast-util-definitions/-/mdast-util-definitions-6.0.0.tgz. Extracting by manifest.
945 silly tarball no local data for markdown-table@https://registry.npmjs.org/markdown-table/-/markdown-table-3.0.4.tgz. Extracting by manifest.
946 silly tarball no local data for magicast@https://registry.npmjs.org/magicast/-/magicast-0.3.5.tgz. Extracting by manifest.
947 silly tarball no local data for magic-string@https://registry.npmjs.org/magic-string/-/magic-string-0.30.17.tgz. Extracting by manifest.
948 silly tarball no local data for lru-cache@https://registry.npmjs.org/lru-cache/-/lru-cache-10.4.3.tgz. Extracting by manifest.
949 silly tarball no local data for longest-streak@https://registry.npmjs.org/longest-streak/-/longest-streak-3.1.0.tgz. Extracting by manifest.
950 silly tarball no local data for kleur@https://registry.npmjs.org/kleur/-/kleur-4.1.5.tgz. Extracting by manifest.
951 silly tarball no local data for js-yaml@https://registry.npmjs.org/js-yaml/-/js-yaml-4.1.0.tgz. Extracting by manifest.
952 silly tarball no local data for is-wsl@https://registry.npmjs.org/is-wsl/-/is-wsl-3.1.0.tgz. Extracting by manifest.
953 silly tarball no local data for is-plain-obj@https://registry.npmjs.org/is-plain-obj/-/is-plain-obj-4.1.0.tgz. Extracting by manifest.
954 silly tarball no local data for is-inside-container@https://registry.npmjs.org/is-inside-container/-/is-inside-container-1.0.0.tgz. Extracting by manifest.
955 silly tarball no local data for is-fullwidth-code-point@https://registry.npmjs.org/is-fullwidth-code-point/-/is-fullwidth-code-point-3.0.0.tgz. Extracting by manifest.
956 silly tarball no local data for is-docker@https://registry.npmjs.org/is-docker/-/is-docker-3.0.0.tgz. Extracting by manifest.
957 silly tarball no local data for is-arrayish@https://registry.npmjs.org/is-arrayish/-/is-arrayish-0.3.2.tgz. Extracting by manifest.
958 silly tarball no local data for iron-webcrypto@https://registry.npmjs.org/iron-webcrypto/-/iron-webcrypto-1.2.1.tgz. Extracting by manifest.
959 silly tarball no local data for import-meta-resolve@https://registry.npmjs.org/import-meta-resolve/-/import-meta-resolve-4.1.0.tgz. Extracting by manifest.
960 silly tarball no local data for http-cache-semantics@https://registry.npmjs.org/http-cache-semantics/-/http-cache-semantics-4.1.1.tgz. Extracting by manifest.
961 silly tarball no local data for html-void-elements@https://registry.npmjs.org/html-void-elements/-/html-void-elements-3.0.0.tgz. Extracting by manifest.
962 silly tarball no local data for html-escaper@https://registry.npmjs.org/html-escaper/-/html-escaper-3.0.3.tgz. Extracting by manifest.
963 silly tarball no local data for hastscript@https://registry.npmjs.org/hastscript/-/hastscript-9.0.1.tgz. Extracting by manifest.
964 silly tarball no local data for hast-util-whitespace@https://registry.npmjs.org/hast-util-whitespace/-/hast-util-whitespace-3.0.0.tgz. Extracting by manifest.
965 silly tarball no local data for hast-util-to-text@https://registry.npmjs.org/hast-util-to-text/-/hast-util-to-text-4.0.2.tgz. Extracting by manifest.
966 silly tarball no local data for hast-util-to-html@https://registry.npmjs.org/hast-util-to-html/-/hast-util-to-html-9.0.5.tgz. Extracting by manifest.
967 silly tarball no local data for hast-util-raw@https://registry.npmjs.org/hast-util-raw/-/hast-util-raw-9.1.0.tgz. Extracting by manifest.
968 silly tarball no local data for hast-util-to-parse5@https://registry.npmjs.org/hast-util-to-parse5/-/hast-util-to-parse5-8.0.0.tgz. Extracting by manifest.
969 silly tarball no local data for hast-util-is-element@https://registry.npmjs.org/hast-util-is-element/-/hast-util-is-element-3.0.0.tgz. Extracting by manifest.
970 silly tarball no local data for hast-util-parse-selector@https://registry.npmjs.org/hast-util-parse-selector/-/hast-util-parse-selector-4.0.0.tgz. Extracting by manifest.
971 silly tarball no local data for hast-util-from-parse5@https://registry.npmjs.org/hast-util-from-parse5/-/hast-util-from-parse5-8.0.3.tgz. Extracting by manifest.
972 silly tarball no local data for hast-util-from-html@https://registry.npmjs.org/hast-util-from-html/-/hast-util-from-html-2.0.3.tgz. Extracting by manifest.
973 silly tarball no local data for h3@https://registry.npmjs.org/h3/-/h3-1.15.1.tgz. Extracting by manifest.
974 silly tarball no local data for github-slugger@https://registry.npmjs.org/github-slugger/-/github-slugger-2.0.0.tgz. Extracting by manifest.
975 silly tarball no local data for get-east-asian-width@https://registry.npmjs.org/get-east-asian-width/-/get-east-asian-width-1.3.0.tgz. Extracting by manifest.
976 silly tarball no local data for flattie@https://registry.npmjs.org/flattie/-/flattie-1.1.1.tgz. Extracting by manifest.
977 silly tarball no local data for fontkit@https://registry.npmjs.org/fontkit/-/fontkit-2.0.4.tgz. Extracting by manifest.
978 silly tarball no local data for fdir@https://registry.npmjs.org/fdir/-/fdir-6.4.4.tgz. Extracting by manifest.
979 silly tarball no local data for fast-deep-equal@https://registry.npmjs.org/fast-deep-equal/-/fast-deep-equal-3.1.3.tgz. Extracting by manifest.
980 silly tarball no local data for eventemitter3@https://registry.npmjs.org/eventemitter3/-/eventemitter3-5.0.1.tgz. Extracting by manifest.
981 silly tarball no local data for extend@https://registry.npmjs.org/extend/-/extend-3.0.2.tgz. Extracting by manifest.
982 silly tarball no local data for estree-walker@https://registry.npmjs.org/estree-walker/-/estree-walker-3.0.3.tgz. Extracting by manifest.
983 silly tarball no local data for escape-string-regexp@https://registry.npmjs.org/escape-string-regexp/-/escape-string-regexp-5.0.0.tgz. Extracting by manifest.
984 silly tarball no local data for esbuild@https://registry.npmjs.org/esbuild/-/esbuild-0.25.2.tgz. Extracting by manifest.
985 silly tarball no local data for es-module-lexer@https://registry.npmjs.org/es-module-lexer/-/es-module-lexer-1.6.0.tgz. Extracting by manifest.
986 silly tarball no local data for entities@https://registry.npmjs.org/entities/-/entities-4.5.0.tgz. Extracting by manifest.
987 silly tarball no local data for emoji-regex@https://registry.npmjs.org/emoji-regex/-/emoji-regex-10.4.0.tgz. Extracting by manifest.
988 silly tarball no local data for emoji-regex-xs@https://registry.npmjs.org/emoji-regex-xs/-/emoji-regex-xs-1.0.0.tgz. Extracting by manifest.
989 silly tarball no local data for dset@https://registry.npmjs.org/dset/-/dset-3.1.4.tgz. Extracting by manifest.
990 silly tarball no local data for dlv@https://registry.npmjs.org/dlv/-/dlv-1.1.3.tgz. Extracting by manifest.
991 silly tarball no local data for diff@https://registry.npmjs.org/diff/-/diff-5.2.0.tgz. Extracting by manifest.
992 silly tarball no local data for dfa@https://registry.npmjs.org/dfa/-/dfa-1.2.0.tgz. Extracting by manifest.
993 silly tarball no local data for devalue@https://registry.npmjs.org/devalue/-/devalue-5.1.1.tgz. Extracting by manifest.
994 silly tarball no local data for devlop@https://registry.npmjs.org/devlop/-/devlop-1.1.0.tgz. Extracting by manifest.
995 silly tarball no local data for deterministic-object-hash@https://registry.npmjs.org/deterministic-object-hash/-/deterministic-object-hash-2.0.2.tgz. Extracting by manifest.
996 silly tarball no local data for detect-libc@https://registry.npmjs.org/detect-libc/-/detect-libc-2.0.3.tgz. Extracting by manifest.
997 silly tarball no local data for destr@https://registry.npmjs.org/destr/-/destr-2.0.5.tgz. Extracting by manifest.
998 silly tarball no local data for dequal@https://registry.npmjs.org/dequal/-/dequal-2.0.3.tgz. Extracting by manifest.
999 silly tarball no local data for debug@https://registry.npmjs.org/debug/-/debug-4.4.0.tgz. Extracting by manifest.
1000 silly tarball no local data for cssesc@https://registry.npmjs.org/cssesc/-/cssesc-3.0.0.tgz. Extracting by manifest.
1001 silly tarball no local data for decode-named-character-reference@https://registry.npmjs.org/decode-named-character-reference/-/decode-named-character-reference-1.1.0.tgz. Extracting by manifest.
1002 silly tarball no local data for defu@https://registry.npmjs.org/defu/-/defu-6.1.4.tgz. Extracting by manifest.
1003 silly tarball no local data for css-tree@https://registry.npmjs.org/css-tree/-/css-tree-3.1.0.tgz. Extracting by manifest.
1004 silly tarball no local data for cookie-es@https://registry.npmjs.org/cookie-es/-/cookie-es-1.2.2.tgz. Extracting by manifest.
1005 silly tarball no local data for cross-fetch@https://registry.npmjs.org/cross-fetch/-/cross-fetch-3.2.0.tgz. Extracting by manifest.
1006 silly tarball no local data for crossws@https://registry.npmjs.org/crossws/-/crossws-0.3.4.tgz. Extracting by manifest.
1007 silly tarball no local data for cookie@https://registry.npmjs.org/cookie/-/cookie-1.0.2.tgz. Extracting by manifest.
1008 silly tarball no local data for common-ancestor-path@https://registry.npmjs.org/common-ancestor-path/-/common-ancestor-path-1.0.1.tgz. Extracting by manifest.
1009 silly tarball no local data for comma-separated-tokens@https://registry.npmjs.org/comma-separated-tokens/-/comma-separated-tokens-2.0.3.tgz. Extracting by manifest.
1010 silly tarball no local data for color-string@https://registry.npmjs.org/color-string/-/color-string-1.9.1.tgz. Extracting by manifest.
1011 silly tarball no local data for color-name@https://registry.npmjs.org/color-name/-/color-name-1.1.4.tgz. Extracting by manifest.
1012 silly tarball no local data for color-convert@https://registry.npmjs.org/color-convert/-/color-convert-2.0.1.tgz. Extracting by manifest.
1013 silly tarball no local data for cli-boxes@https://registry.npmjs.org/cli-boxes/-/cli-boxes-3.0.0.tgz. Extracting by manifest.
1014 silly tarball no local data for color@https://registry.npmjs.org/color/-/color-4.2.3.tgz. Extracting by manifest.
1015 silly tarball no local data for ci-info@https://registry.npmjs.org/ci-info/-/ci-info-4.2.0.tgz. Extracting by manifest.
1016 silly tarball no local data for chokidar@https://registry.npmjs.org/chokidar/-/chokidar-4.0.3.tgz. Extracting by manifest.
1017 silly tarball no local data for clone@https://registry.npmjs.org/clone/-/clone-2.1.2.tgz. Extracting by manifest.
1018 silly tarball no local data for character-entities-legacy@https://registry.npmjs.org/character-entities-legacy/-/character-entities-legacy-3.0.0.tgz. Extracting by manifest.
1019 silly tarball no local data for character-entities-html4@https://registry.npmjs.org/character-entities-html4/-/character-entities-html4-2.1.0.tgz. Extracting by manifest.
1020 silly tarball no local data for chalk@https://registry.npmjs.org/chalk/-/chalk-5.4.1.tgz. Extracting by manifest.
1021 silly tarball no local data for character-entities@https://registry.npmjs.org/character-entities/-/character-entities-2.0.2.tgz. Extracting by manifest.
1022 silly tarball no local data for ccount@https://registry.npmjs.org/ccount/-/ccount-2.0.1.tgz. Extracting by manifest.
1023 silly tarball no local data for clsx@https://registry.npmjs.org/clsx/-/clsx-2.1.1.tgz. Extracting by manifest.
1024 silly tarball no local data for camelcase@https://registry.npmjs.org/camelcase/-/camelcase-8.0.0.tgz. Extracting by manifest.
1025 silly tarball no local data for brotli@https://registry.npmjs.org/brotli/-/brotli-1.3.3.tgz. Extracting by manifest.
1026 silly tarball no local data for boxen@https://registry.npmjs.org/boxen/-/boxen-8.0.1.tgz. Extracting by manifest.
1027 silly tarball no local data for blob-to-buffer@https://registry.npmjs.org/blob-to-buffer/-/blob-to-buffer-1.2.9.tgz. Extracting by manifest.
1028 silly tarball no local data for base64-js@https://registry.npmjs.org/base64-js/-/base64-js-1.5.1.tgz. Extracting by manifest.
1029 silly tarball no local data for base-64@https://registry.npmjs.org/base-64/-/base-64-1.0.0.tgz. Extracting by manifest.
1030 silly tarball no local data for bail@https://registry.npmjs.org/bail/-/bail-2.0.2.tgz. Extracting by manifest.
1031 silly tarball no local data for axobject-query@https://registry.npmjs.org/axobject-query/-/axobject-query-4.1.0.tgz. Extracting by manifest.
1032 silly tarball no local data for astro@https://registry.npmjs.org/astro/-/astro-5.7.4.tgz. Extracting by manifest.
1033 silly tarball no local data for array-iterate@https://registry.npmjs.org/array-iterate/-/array-iterate-2.0.1.tgz. Extracting by manifest.
1034 silly tarball no local data for aria-query@https://registry.npmjs.org/aria-query/-/aria-query-5.3.2.tgz. Extracting by manifest.
1035 silly tarball no local data for argparse@https://registry.npmjs.org/argparse/-/argparse-2.0.1.tgz. Extracting by manifest.
1036 silly tarball no local data for ansi-styles@https://registry.npmjs.org/ansi-styles/-/ansi-styles-6.2.1.tgz. Extracting by manifest.
1037 silly tarball no local data for anymatch@https://registry.npmjs.org/anymatch/-/anymatch-3.1.3.tgz. Extracting by manifest.
1038 silly tarball no local data for ansi-regex@https://registry.npmjs.org/ansi-regex/-/ansi-regex-6.1.0.tgz. Extracting by manifest.
1039 silly tarball no local data for ansi-align@https://registry.npmjs.org/ansi-align/-/ansi-align-3.0.1.tgz. Extracting by manifest.
1040 silly tarball no local data for estree-walker@https://registry.npmjs.org/estree-walker/-/estree-walker-2.0.2.tgz. Extracting by manifest.
1041 silly tarball no local data for acorn@https://registry.npmjs.org/acorn/-/acorn-8.14.1.tgz. Extracting by manifest.
1042 silly tarball no local data for kleur@https://registry.npmjs.org/kleur/-/kleur-3.0.3.tgz. Extracting by manifest.
1043 silly tarball no local data for property-information@https://registry.npmjs.org/property-information/-/property-information-6.5.0.tgz. Extracting by manifest.
1044 silly tarball no local data for strip-ansi@https://registry.npmjs.org/strip-ansi/-/strip-ansi-6.0.1.tgz. Extracting by manifest.
1045 silly tarball no local data for picomatch@https://registry.npmjs.org/picomatch/-/picomatch-2.3.1.tgz. Extracting by manifest.
1046 silly tarball no local data for string-width@https://registry.npmjs.org/string-width/-/string-width-4.2.3.tgz. Extracting by manifest.
1047 silly tarball no local data for emoji-regex@https://registry.npmjs.org/emoji-regex/-/emoji-regex-8.0.0.tgz. Extracting by manifest.
1048 silly tarball no local data for ansi-regex@https://registry.npmjs.org/ansi-regex/-/ansi-regex-5.0.1.tgz. Extracting by manifest.
1049 http fetch GET https://registry.npmjs.org/@swc/helpers/-/helpers-0.5.17.tgz attempt 1 failed with EAI_AGAIN
1050 http fetch GET https://registry.npmjs.org/@ungap/structured-clone/-/structured-clone-1.3.0.tgz attempt 1 failed with EAI_AGAIN
1051 http fetch GET https://registry.npmjs.org/@types/unist/-/unist-3.0.3.tgz attempt 1 failed with EAI_AGAIN
1052 http fetch GET https://registry.npmjs.org/@types/ms/-/ms-2.1.0.tgz attempt 1 failed with EAI_AGAIN
1053 http fetch GET https://registry.npmjs.org/@types/nlcst/-/nlcst-2.0.3.tgz attempt 1 failed with EAI_AGAIN
1054 http fetch GET https://registry.npmjs.org/@types/hast/-/hast-3.0.4.tgz attempt 1 failed with EAI_AGAIN
1055 http fetch GET https://registry.npmjs.org/@types/mdast/-/mdast-4.0.4.tgz attempt 1 failed with EAI_AGAIN
1056 http fetch GET https://registry.npmjs.org/@types/estree/-/estree-1.0.7.tgz attempt 1 failed with EAI_AGAIN
1057 http fetch GET https://registry.npmjs.org/@types/debug/-/debug-4.1.12.tgz attempt 1 failed with EAI_AGAIN
1058 http fetch GET https://registry.npmjs.org/@shikijs/types/-/types-3.2.2.tgz attempt 1 failed with EAI_AGAIN
1059 http fetch GET https://registry.npmjs.org/@shikijs/themes/-/themes-3.2.2.tgz attempt 1 failed with EAI_AGAIN
1060 http fetch GET https://registry.npmjs.org/@shikijs/vscode-textmate/-/vscode-textmate-10.0.2.tgz attempt 1 failed with EAI_AGAIN
1061 http fetch GET https://registry.npmjs.org/@shikijs/langs/-/langs-3.2.2.tgz attempt 1 failed with EAI_AGAIN
1062 http fetch GET https://registry.npmjs.org/@shikijs/engine-oniguruma/-/engine-oniguruma-3.2.2.tgz attempt 1 failed with EAI_AGAIN
1063 http fetch GET https://registry.npmjs.org/@shikijs/engine-javascript/-/engine-javascript-3.2.2.tgz attempt 1 failed with EAI_AGAIN
1064 http fetch GET https://registry.npmjs.org/npm attempt 2 failed with EAI_AGAIN
1065 http fetch GET https://registry.npmjs.org/@swc/helpers/-/helpers-0.5.17.tgz attempt 2 failed with EAI_AGAIN
1066 http fetch GET https://registry.npmjs.org/@ungap/structured-clone/-/structured-clone-1.3.0.tgz attempt 2 failed with EAI_AGAIN
1067 http fetch GET https://registry.npmjs.org/@types/unist/-/unist-3.0.3.tgz attempt 2 failed with EAI_AGAIN
1068 http fetch GET https://registry.npmjs.org/@types/ms/-/ms-2.1.0.tgz attempt 2 failed with EAI_AGAIN
1069 http fetch GET https://registry.npmjs.org/@types/nlcst/-/nlcst-2.0.3.tgz attempt 2 failed with EAI_AGAIN
1070 http fetch GET https://registry.npmjs.org/@types/hast/-/hast-3.0.4.tgz attempt 2 failed with EAI_AGAIN
1071 http fetch GET https://registry.npmjs.org/@types/mdast/-/mdast-4.0.4.tgz attempt 2 failed with EAI_AGAIN
1072 http fetch GET https://registry.npmjs.org/@types/estree/-/estree-1.0.7.tgz attempt 2 failed with EAI_AGAIN
1073 http fetch GET https://registry.npmjs.org/@types/debug/-/debug-4.1.12.tgz attempt 2 failed with EAI_AGAIN
1074 http fetch GET https://registry.npmjs.org/@shikijs/types/-/types-3.2.2.tgz attempt 2 failed with EAI_AGAIN
1075 http fetch GET https://registry.npmjs.org/@shikijs/themes/-/themes-3.2.2.tgz attempt 2 failed with EAI_AGAIN
1076 http fetch GET https://registry.npmjs.org/@shikijs/vscode-textmate/-/vscode-textmate-10.0.2.tgz attempt 2 failed with EAI_AGAIN
1077 http fetch GET https://registry.npmjs.org/@shikijs/langs/-/langs-3.2.2.tgz attempt 2 failed with EAI_AGAIN
1078 http fetch GET https://registry.npmjs.org/@shikijs/engine-oniguruma/-/engine-oniguruma-3.2.2.tgz attempt 2 failed with EAI_AGAIN
1079 http fetch GET https://registry.npmjs.org/@shikijs/engine-javascript/-/engine-javascript-3.2.2.tgz attempt 2 failed with EAI_AGAIN
